year,month,north_co2_anomaly,norm_north_co2,south_co2_anomaly,norm_south_co2,msl_mm_north,msl_mm_south,norm_msl_north,norm_msl_south,north_land_ocean_anomaly,south_land_ocean_anomaly,north_land_anomaly,south_land_anomaly,norm_north_land_ocean,norm_south_land_ocean,norm_north_land,norm_south_land
1993,1,1.892182219998917,0.3270302244076376,-0.3881993405736526,0.0351347041938648,1.2874163955478752,-5.0141678605271,0.0160841935965032,0.001480788386873183,0.36,0.31,0.59,0.3,0.215962441314554,0.202020202020202,0.2724719101123596,0.325077399380805
1993,2,0.9503605740138052,0.255823290565539,-0.456466122250216,0.0096184018856107,0.4763945520832,-5.174543143290125,0.008377592552330558,0.0,0.53,0.27,1.01,-0.06,0.29577464788732394,0.1616161616161616,0.3904494382022472,0.21362229102167185
1993,3,0.5244596994758428,0.2236228250890892,-0.4541635287415673,0.0104790499287258,1.8665479422501,-3.570054157477,0.021587295416131413,0.014814681016455049,0.4,0.34,0.78,0.25,0.23474178403755872,0.23232323232323232,0.3258426966292135,0.30959752321981426
1993,4,-1.0673941149977448,0.1032698583286449,-0.4821993704955947,0.0,3.477122519136225,-2.9237799250731,0.036891514181589535,0.020781905900436423,0.29,0.34,0.42,0.32,0.18309859154929578,0.23232323232323232,0.22471910112359553,0.3312693498452013
1993,5,-1.8657760272695665,0.042907762967793,-0.3859413023182432,0.0359786986716125,3.6835660295242496,-1.485372146247975,0.03885320952375489,0.034063114187498966,0.32,0.29,0.4,-0.11,0.1971830985915493,0.18181818181818177,0.21910112359550565,0.19814241486068113
1993,6,-2.349428122733757,0.0063409852651117,-0.3109356980546569,0.0640137931377691,4.4226703318216405,-0.54570524559576,0.04587642601753563,0.04273931297600525,0.3,0.32,0.37,0.04,0.18779342723004697,0.2121212121212121,0.2106741573033708,0.24458204334365327
1993,7,-2.433297443561388,0.0,-0.2742028590165284,0.0777435487014344,4.80810670967215,0.4118268906466898,0.049538971503752534,0.05158046631944669,0.18,0.35,0.25,0.34,0.13145539906103287,0.24242424242424238,0.17696629213483148,0.33746130030959753
1993,8,-2.3859164516569784,0.0035822654642656,-0.3725109614698212,0.0409986018921107,5.016177291088675,-0.9857273136999,0.051516127819488736,0.038676470141431295,0.1,0.26,0.12,-0.04,0.09389671361502348,0.1515151515151515,0.1404494382022472,0.21981424148606812
1993,9,-1.9259571356391727,0.0383577377900042,-0.450480252418354,0.0118557603849653,-0.2887133689759861,-1.56100909320034,0.0011072809684276926,0.03336473778724593,0.06,0.33,0.02,0.17,0.07511737089201878,0.2222222222222222,0.11235955056179776,0.2848297213622291
1993,10,-0.6856704062111305,0.1321302853462234,-0.4465649863248933,0.0133191824301311,1.733339674368675,-2.02139798789255,0.02032150586358143,0.02911384253106759,0.17,0.34,0.28,0.35,0.1267605633802817,0.23232323232323232,0.1853932584269663,0.3405572755417957
1993,11,0.4633360093149488,0.2190015355062625,-0.3958801880720175,0.0322638082480088,2.8682371861367253,-1.72845020951655,0.031105681924557694,0.03181870864700431,-0.1,0.25,-0.38,0.11,0.0,0.14141414141414138,0.0,0.26625386996904027
1993,12,1.407954417751693,0.2904199200829184,-0.3954682199876274,0.0324177909307206,6.21377502315706,-1.96687289015956,0.06289610236250363,0.029617287514141697,0.25,0.16,0.37,-0.18,0.1643192488262911,0.05050505050505051,0.2106741573033708,0.17647058823529413
1994,1,1.8993953115581248,0.3275755740878484,-0.3077301841090887,0.0652119287592191,7.997415539145575,-1.3261956507692,0.07984485161471096,0.03553283384695813,0.27,0.2,0.38,0.04,0.17370892018779344,0.0909090909090909,0.21348314606741575,0.24458204334365327
1994,2,1.1795823660032134,0.2731537278589871,-0.3458118585484846,0.0509780144961459,2.7340995751927752,-1.9045791260470504,0.02983106144313228,0.030192462696271998,-0.01,0.13,-0.28,-0.27,0.04225352112676057,0.020202020202020207,0.028089887640449437,0.14860681114551083
1994,3,0.5601331901638744,0.2263199386053988,-0.38485800656197,0.0363836057336925,2.65093020134786,-0.2515688534092227,0.029040758212114156,0.04545515388492003,0.42,0.19,0.67,-0.21,0.24413145539906103,0.08080808080808079,0.2949438202247191,0.1671826625386997
1994,4,-0.9198980941491346,0.1144213745879196,-0.3786366006982646,0.0387090013199788,4.2003302836793255,0.0225715316287716,0.04376367645230202,0.04798636624846758,0.47,0.32,0.7,0.48,0.2676056338028169,0.2121212121212121,0.30337078651685395,0.38080495356037153
1994,5,-1.6478876114034815,0.0593813342428593,-0.3740626986229807,0.0404186039292573,3.687797178958274,0.373504156724175,0.038893415322043885,0.051226622146155074,0.4,0.26,0.61,-0.13,0.23474178403755872,0.1515151515151515,0.27808988764044945,0.19195046439628483
1994,6,-2.179821542378617,0.0191641823088585,-0.2296811709176092,0.0943845683145771,1.05033623869312,1.3454343749516,0.013831378584068767,0.06020071687700534,0.42,0.43,0.63,0.83,0.24413145539906103,0.32323232323232315,0.28370786516853935,0.48916408668730654
1994,7,-2.3531651394525976,0.0060584460992307,-0.1570938496033407,0.1215157731101463,1.58568190666065,0.54965381466775,0.018918412326744485,0.0528530596079674,0.34,0.31,0.35,0.4,0.20657276995305165,0.202020202020202,0.2050561797752809,0.3560371517027864
1994,8,-2.29520309119528,0.010440698039612,-0.291959086960619,0.0711067442564517,1.3627563336183,-0.94762760546372,0.01680009890790771,0.03902825505820526,0.39,0.11,0.43,-0.43,0.23004694835680753,0.0,0.22752808988764045,0.09907120743034056
1994,9,-1.865686718797328,0.0429145151830361,-0.3808520946102449,0.0378809087831427,1.19146735761225,-1.757419490291125,0.015172453719333966,0.0315512274378803,0.39,0.31,0.47,0.64,0.23004694835680753,0.202020202020202,0.23876404494382023,0.4303405572755418
1994,10,-0.5850024538247514,0.1397413402164889,-0.3744111407130011,0.0402883655689959,2.66290826891975,0.592158507065375,0.02915457781981097,0.05324551693559078,0.58,0.3,0.79,0.4,0.3192488262910798,0.19191919191919188,0.32865168539325845,0.3560371517027864
1994,11,0.1837364065618967,0.1978622566413251,-0.4084736260396884,0.0275567170040451,0.26317657756096,1.70426799767178,0.006351523984226644,0.06351392482394827,0.46,0.4,0.54,0.55,0.26291079812206575,0.2929292929292929,0.25842696629213485,0.40247678018575855
1994,12,1.6314940007001013,0.3073207508951561,-0.3393371453591434,0.0533980896050211,2.0752501522089,0.2535083036434966,0.023570453677712423,0.0501186679611117,0.38,0.39,0.39,0.43,0.22535211267605634,0.28282828282828276,0.2162921348314607,0.3653250773993808
1995,1,2.28161762278158,0.3564736982117579,-0.2238786747669516,0.0965533866224935,1.2732751457387,1.3252061208496,0.015949818707067756,0.06001394393266564,0.78,0.3,1.35,-0.03,0.4131455399061033,0.19191919191919188,0.4859550561797753,0.22291021671826627
1995,2,0.992149509028053,0.2589827655506131,-0.2896417626618728,0.0719728982760335,2.176849797117525,3.6855594960312,0.024535887513865914,0.08180772540989241,1.15,0.36,2.19,0.17,0.5868544600938966,0.2525252525252525,0.7219101123595506,0.2848297213622291
1995,3,0.9593966601535282,0.2565064687348725,-0.2460513508932909,0.0882658316341365,1.7427986343518398,4.06825047613008,0.020411388067705094,0.08534121479384495,0.63,0.38,1.0,0.41,0.3427230046948357,0.27272727272727265,0.3876404494382023,0.35913312693498456
1995,4,-0.5825423140584398,0.1399273404112485,-0.2180578043090175,0.098729072756425,4.09557015240725,1.174745936553275,0.04276821061675796,0.058624704333181905,0.74,0.27,1.27,-0.06,0.3943661971830986,0.1616161616161616,0.4634831460674158,0.21362229102167185
1995,5,-1.3157486500913471,0.0844928796669389,-0.1361321741859691,0.129350688331011,3.35434853140494,2.2201123782205,0.03572487465187584,0.06827685558852892,0.44,0.22,0.65,-0.24,0.2535211267605634,0.11111111111111109,0.28932584269662925,0.15789473684210528
1995,6,-1.8437472750767707,0.0445732586661592,-0.0579898312195812,0.1585582120671146,2.1130299777171,5.380409067696675,0.02392945022639519,0.09745673016910855,0.58,0.36,0.85,0.49,0.3192488262910798,0.2525252525252525,0.3455056179775281,0.38390092879256965
1995,7,-2.010121325959931,0.0319944587577247,-0.0482627047837658,0.1621939525053091,0.45155795369875,5.50077381907915,0.00814158688049117,0.09856809049200452,0.44,0.55,0.45,1.46,0.2535211267605634,0.44444444444444436,0.23314606741573035,0.6842105263157895
1995,8,-1.9799380913497904,0.034276478500196,-0.1587373411830137,0.1209014797897626,-0.4052406223137755,3.68955522421072,0.0,0.08184461904950693,0.63,0.44,0.85,0.96,0.3427230046948357,0.33333333333333326,0.3455056179775281,0.5294117647058824
1995,9,-1.530950219776008,0.0682224488474993,-0.2148662977768154,0.0999219727803381,1.722980403849725,3.712674677483125,0.020223068607369984,0.08205808721820984,0.51,0.32,0.75,0.48,0.2863849765258216,0.2121212121212121,0.3174157303370787,0.38080495356037153
1995,10,-0.4797432184616319,0.147699521514108,-0.1691021116434914,0.1170274050211844,4.093190006199075,3.19804547608275,0.04274559367073978,0.07730637653156039,0.54,0.33,0.81,0.47,0.3004694835680751,0.2222222222222222,0.33426966292134835,0.3777089783281734
1995,11,0.7281268923848643,0.2390211931273493,-0.2616100625028679,0.0824504001869968,8.575127129477499,1.7275924284363398,0.08533446053358167,0.06372928560530772,0.59,0.32,0.93,0.32,0.323943661971831,0.2121212121212121,0.3679775280898877,0.3312693498452013
1995,12,2.1605463622533865,0.3473200402178464,-0.2045180713484593,0.1037898638309403,9.023731524170726,1.700002344420175,0.08959724966117665,0.06347453889309546,0.39,0.23,0.45,0.2,0.23004694835680753,0.1212121212121212,0.23314606741573035,0.29411764705882354
1996,1,2.446466918530517,0.3689372181853652,-0.0660745052743307,0.15553637652458,7.27014624463194,2.55060697413336,0.07293409532663127,0.07132840163178825,0.33,0.23,0.41,0.06,0.2018779342723005,0.1212121212121212,0.22191011235955058,0.25077399380804954
1996,2,1.512914338919117,0.2983554715692332,-0.1181875082242576,0.1360579258813182,5.7698555132337,3.853959582279425,0.058677830578245584,0.08336260897903491,0.58,0.39,1.04,0.49,0.3192488262910798,0.28282828282828276,0.3988764044943821,0.38390092879256965
1996,3,1.1819471038090512,0.273332515137037,-0.0967233536663618,0.1440806544037378,3.437327097424575,4.417094283624725,0.03651336476306571,0.0885621840733441,0.38,0.37,0.58,0.27,0.22535211267605634,0.2626262626262626,0.2696629213483146,0.31578947368421056
1996,4,-0.4085328828307553,0.1530834173714151,-0.0626730632387233,0.1568077448406634,7.309775273608251,2.6963644435634,0.07331066362568435,0.07267421979225223,0.22,0.46,0.15,0.81,0.15023474178403756,0.3535353535353535,0.14887640449438203,0.48297213622291024
1996,5,-1.1297828692480625,0.0985529228925872,-0.01855279613617,0.1732987239913059,9.6124324756434,4.6072117622908,0.09519128316826843,0.09031759020389052,0.42,0.25,0.59,-0.15,0.24413145539906103,0.14141414141414138,0.2724719101123596,0.18575851393188855
1996,6,-1.6847254823505793,0.0565961871286516,0.1359812171127128,0.2310594167049036,9.085612622983325,5.943426691543725,0.09018526457663989,0.1026552242551926,0.32,0.27,0.28,-0.03,0.1971830985915493,0.1616161616161616,0.1853932584269663,0.22291021671826627
1996,7,-1.744130915473043,0.0521048072965519,0.1950733126391486,0.2531464660201112,10.58265796383656,6.873942794406341,0.10441069053768041,0.1112469312512979,0.36,0.39,0.45,0.75,0.215962441314554,0.28282828282828276,0.23314606741573035,0.4643962848297214
1996,8,-1.7430985837754278,0.0521828572916954,-0.0157017019443896,0.1743643869612031,9.526051231116275,4.1543479674838,0.09437045966686212,0.08613617623141191,0.26,0.65,0.11,2.0,0.16901408450704225,0.5454545454545454,0.13764044943820225,0.8513931888544892
1996,9,-1.2658844994318077,0.088262885689037,-0.0472231120976887,0.1625825245253155,9.0151496605228,3.58686928268755,0.08951570192003627,0.08089649196232149,0.16,0.42,-0.06,0.85,0.12206572769953053,0.31313131313131304,0.08988764044943821,0.4953560371517028
1996,10,-0.1646317377325168,0.1715236950790448,-0.0827962321734561,0.1492862409799506,12.3626866981283,5.54455941509736,0.12132511943116993,0.09897237474939778,0.06,0.35,-0.12,0.49,0.07511737089201878,0.24242424242424238,0.07303370786516855,0.38390092879256965
1996,11,0.7607559477997654,0.2414881304717643,-0.0784257712023341,0.1509198027302895,14.447457297611926,5.589724791069725,0.14113530753930406,0.09938939888850694,0.43,0.37,0.74,0.4,0.24882629107981222,0.2626262626262626,0.3146067415730337,0.3560371517027864
1996,12,2.1021561906742505,0.3429054197826626,-0.1179706371235633,0.136138986514782,11.927376067173675,3.383768542749025,0.11718865209667392,0.07902120786688695,0.36,0.36,0.57,0.28,0.215962441314554,0.2525252525252525,0.2668539325842697,0.3188854489164087
1997,1,2.824981642747657,0.3975550281926924,0.073259767225942,0.2076158115250758,11.010062710452,2.05886840005714,0.10847203351271012,0.06678804630193612,0.27,0.25,0.3,-0.05,0.17370892018779344,0.14141414141414138,0.1910112359550562,0.21671826625386997
1997,2,1.451538341159436,0.2937151061342308,0.0324108049639546,0.1923475588777832,11.90133517790925,0.1074423634258747,0.11694120284975959,0.04877000160638691,0.47,0.27,0.65,-0.09,0.2676056338028169,0.1616161616161616,0.28932584269662925,0.20433436532507743
1997,3,1.177013985100496,0.2729595440346922,0.0457987494376732,0.1973516154641332,11.29969800072385,2.24675770487705,0.11122424499557569,0.06852287910036747,0.68,0.35,1.16,0.09,0.36619718309859156,0.24242424242424238,0.4325842696629214,0.26006191950464397
1997,4,-0.1383344634227032,0.1735119146957726,0.0885565866575697,0.2133333546607908,9.03015832573882,4.20424720158844,0.08965831928103273,0.08659690936374377,0.51,0.27,0.76,-0.11,0.2863849765258216,0.1616161616161616,0.3202247191011236,0.19814241486068113
1997,5,-0.9340054294564356,0.1133547818883383,0.1961011960503582,0.2535306614254597,13.453410479071977,6.9065025079523,0.13168954191480503,0.11154756389785114,0.46,0.33,0.47,0.05,0.26291079812206575,0.2222222222222222,0.23876404494382023,0.24767801857585142
1997,6,-1.45965110410474,0.0736130569676745,0.2811261013285033,0.2853107033950175,13.551690904208076,10.051320384258725,0.13262343541357932,0.140584518407523,0.57,0.56,0.63,0.9,0.3145539906103286,0.45454545454545453,0.28370786516853935,0.5108359133126936
1997,7,-1.5406475133556476,0.0674892797328199,0.2582318481745886,0.2767534421582901,10.54988717767144,12.38188140387574,0.10409929155759921,0.16210321900334723,0.51,0.35,0.41,-0.12,0.2863849765258216,0.24242424242424238,0.22191011235955058,0.195046439628483
1997,8,-1.5660370667864676,0.0655696888430418,0.1644941750688779,0.2417167999452479,12.188665070795947,14.6351493087701,0.11967150767494533,0.18290825135369948,0.53,0.41,0.48,0.07,0.29577464788732394,0.3030303030303029,0.24157303370786518,0.2538699690402477
1997,9,-1.15752367815732,0.0964555640633987,0.0594708803068684,0.2024618933458305,12.7328313832727,15.409114230725423,0.12484235813443678,0.19005447893025268,0.61,0.61,0.66,0.86,0.3333333333333333,0.505050505050505,0.2921348314606742,0.49845201238390097
1997,10,0.1573629613855871,0.1958682780851268,0.0633568029800963,0.2039143476031054,12.3860829140305,17.87133887060794,0.12154743810649847,0.21278886536309533,0.69,0.59,0.85,0.7,0.3708920187793427,0.4848484848484847,0.3455056179775281,0.44891640866873067
1997,11,0.9959185025628924,0.2592677223409254,0.0897367168379963,0.2137744558480348,10.300969211526825,15.271739329428677,0.10173398971861493,0.18878605928987297,0.61,0.64,0.62,1.06,0.3333333333333333,0.5353535353535354,0.2808988764044944,0.5603715170278638
1997,12,2.369784690846912,0.3631396169762531,0.0809192774665321,0.2104787321730425,10.2956988232567,13.746116474551082,0.10168390872502267,0.1746995706032766,0.52,0.64,0.46,0.74,0.29107981220657275,0.5353535353535354,0.2359550561797753,0.4613003095975232
1998,1,2.645127106804077,0.3839570289359008,0.2222028231971577,0.2632867535197164,14.513824992386574,11.94945760571445,0.1417659555914757,0.15811053305141665,0.63,0.57,0.67,0.5,0.3427230046948357,0.4646464646464645,0.2949438202247191,0.38699690402476783
1998,2,1.4125532795812248,0.2907676195135276,0.1443224570649457,0.2341771497372772,19.777468087592524,9.74073967072845,0.19178285427372818,0.13771684262944203,0.9,0.73,1.26,1.23,0.4694835680751174,0.6262626262626262,0.4606741573033708,0.6130030959752322
1998,3,1.2961028651181667,0.2819633230802228,0.1856674756229956,0.249630814998163,20.565056588752025,10.612320911925323,0.19926678385506325,0.14576438809870182,0.68,0.59,0.88,0.63,0.36619718309859156,0.4848484848484847,0.35393258426966295,0.4272445820433437
1998,4,-0.2757411532808085,0.1631232077512069,0.1748417019755064,0.2455844295332847,20.1351392350005,9.56352566751026,0.1951815652459374,0.13608057777967364,0.91,0.53,1.4,0.2,0.47417840375586856,0.42424242424242414,0.5,0.29411764705882354
1998,5,-0.9466532545829232,0.1123985362436694,0.2916954862068488,0.289261257575906,24.38130192734615,6.108726115583201,0.23553002454114405,0.1041814785710535,0.69,0.71,0.88,1.03,0.3708920187793427,0.606060606060606,0.35393258426966295,0.5510835913312694
1998,6,-1.379656720212111,0.0796610755345274,0.3762541356527151,0.3208670255504514,25.1696723164599,5.065216341358825,0.24302138388355543,0.09454647042866188,0.8,0.68,1.04,1.09,0.4225352112676057,0.5757575757575758,0.3988764044943821,0.5696594427244583
1998,7,-1.4001004653939475,0.0781154151466467,0.3622555335556829,0.3156347214308116,25.23205772697306,5.34341303806558,0.24361419093761455,0.09711513581557535,0.83,0.58,1.15,0.76,0.43661971830985913,0.47474747474747464,0.4297752808988764,0.4674922600619196
1998,8,-1.3472538221544674,0.0821109141298907,0.2292632123413764,0.2659257386804838,23.6236681200605,4.714620824401225,0.22833073448825858,0.09130932714163968,0.84,0.59,1.14,1.05,0.4413145539906103,0.4848484848484847,0.4269662921348315,0.5572755417956656
1998,9,-1.087311160962212,0.1017640193193509,0.2216517365819297,0.2630807720404837,21.30586039318882,5.216878189342561,0.20630614958707677,0.09594680531416842,0.67,0.33,0.98,0.15,0.36150234741784043,0.2222222222222222,0.3820224719101124,0.2786377708978328
1998,10,0.1140535343960245,0.1925938454836555,0.2113182199749972,0.2592183791288171,21.137432112187,5.4344059755436245,0.20470568768004385,0.0979552982320249,0.51,0.38,0.61,0.38,0.2863849765258216,0.27272727272727265,0.27808988764044945,0.34984520123839014
1998,11,1.1798607202605371,0.2731747729828387,0.1923787284831606,0.2521393023274536,23.395716161219674,5.218594991614825,0.22616465866899435,0.09596265701415316,0.48,0.41,0.56,0.32,0.27230046948356806,0.3030303030303029,0.26404494382022475,0.3312693498452013
1998,12,2.402448104304808,0.3656091519790516,0.1946875535523262,0.2530022795616936,25.65036447332394,6.972160559585239,0.24758908166859714,0.11215380245710868,0.78,0.38,1.35,0.25,0.4131455399061033,0.27272727272727265,0.4859550561797753,0.30959752321981426
1999,1,2.7071154771067736,0.3886436931275129,0.239403434307603,0.2697158832106436,24.25581072095257,7.700530906225725,0.23433756509011897,0.11887904298087278,0.56,0.38,0.87,0.39,0.3098591549295775,0.27272727272727265,0.351123595505618,0.35294117647058826
1999,2,1.5932215354484054,0.3044271405043045,0.1351535666527712,0.2307500630365047,22.19985402559313,8.048953139460176,0.2148011763443565,0.12209611975114017,0.96,0.34,1.8,0.33,0.49765258215962443,0.23232323232323232,0.6123595505617978,0.3343653250773994
1999,3,1.3845449133980292,0.2886500318722433,0.2204958864013204,0.2626487460696213,23.78648854332928,7.18162680501394,0.22987790865389554,0.11408786098738151,0.31,0.42,0.29,0.3,0.19248826291079812,0.31313131313131304,0.18820224719101125,0.325077399380805
1999,4,-0.1610133240568476,0.1717972671978373,0.2631667446726364,0.2785979748550374,23.862705155281077,7.65241584699335,0.23060214441398527,0.11843478361797398,0.54,0.18,0.86,-0.73,0.3004694835680751,0.0707070707070707,0.34831460674157305,0.006191950464396301
1999,5,-0.8637252460741358,0.1186683530828924,0.3436826432285649,0.3086926703675272,20.70785986684875,9.858042951983826,0.20062374840658515,0.13879993557015252,0.41,0.23,0.57,-0.16,0.23943661971830987,0.1212121212121212,0.2668539325842697,0.1826625386996904
1999,6,-1.337494189627792,0.0828487964143048,0.3858713275003209,0.3244616753715404,19.3882298713524,9.9131331445706,0.1880841824464771,0.13930859822693883,0.41,0.41,0.59,0.62,0.23943661971830987,0.3030303030303029,0.2724719101123596,0.4241486068111455
1999,7,-1.3987918155876269,0.0782143563215267,0.4104094678168053,0.3336333777869881,18.696225644979823,13.196323709297449,0.18150852664076872,0.16962318521552677,0.44,0.32,0.68,0.3,0.2535211267605634,0.2121212121212121,0.2977528089887641,0.325077399380805
1999,8,-1.341663004660841,0.0825336109038382,0.3168000773115023,0.2986446841886675,18.75576638446765,13.749202262477477,0.18207430267849845,0.17472806251828393,0.4,0.36,0.55,0.72,0.23474178403755872,0.2525252525252525,0.2612359550561798,0.45510835913312697
1999,9,-1.104868237777648,0.1004366070512354,0.2308088579999756,0.2665034598051314,17.87718458228054,13.37783089906018,0.1737257242910149,0.17129909021849274,0.46,0.39,0.67,0.91,0.26291079812206575,0.28282828282828276,0.2949438202247191,0.5139318885448917
1999,10,0.1797043958852864,0.1975574142980599,0.2443520013717472,0.2715655256004023,18.918067404304125,13.343922203583276,0.18361654129885263,0.17098600205670653,0.4,0.28,0.58,0.51,0.23474178403755872,0.1717171717171717,0.2696629213483146,0.390092879256966
1999,11,1.1522176983259111,0.2710848073906424,0.2674323385204795,0.2801923400715122,22.4815757343601,13.23244317471405,0.2174781903267107,0.16995668601444974,0.53,0.19,0.95,-0.08,0.29577464788732394,0.08080808080808079,0.3735955056179775,0.20743034055727555
1999,12,2.580301038612724,0.3790558190639225,0.2221025493535631,0.263249273831295,25.35662268118788,14.59430194058584,0.2447978488303764,0.18253109654904692,0.75,0.18,1.47,-0.42,0.39906103286384975,0.0707070707070707,0.5196629213483146,0.10216718266253871
2000,1,3.165050449403477,0.4232661138536873,0.2956659665907133,0.2907453172502536,25.573106171470624,15.018306080783724,0.24685494742236003,0.1864460415204545,0.43,0.2,0.73,-0.36,0.24882629107981222,0.0909090909090909,0.3117977528089888,0.12074303405572756
2000,2,2.0869220019911143,0.341753630725443,0.2287396778248607,0.2657300554409324,26.000123935688176,14.93932444094835,0.2509126131611036,0.1857167826656643,0.81,0.27,1.53,-0.18,0.42723004694835687,0.1616161616161616,0.5365168539325843,0.17647058823529413
2000,3,1.6687868027116792,0.3101402933180183,0.2641950290349828,0.2789823201252274,24.61582787274432,13.61469873431188,0.23775856858130198,0.1734861550430816,0.77,0.29,1.38,0.04,0.4084507042253521,0.18181818181818177,0.4943820224719101,0.24458204334365327
2000,4,0.1816342609935226,0.1977033227911086,0.2328667428233526,0.2672726422680991,19.668693765488023,11.900726159087874,0.1907492442531539,0.157660582416899,0.87,0.32,1.6,0.17,0.45539906103286387,0.2121212121212121,0.5561797752808989,0.2848297213622291
2000,5,-0.4580441804300079,0.1493400889953734,0.3851460235624149,0.3241905761034857,21.14992301942778,12.49449053211298,0.2048243804619463,0.16314296955889895,0.55,0.19,0.79,-0.14,0.3051643192488263,0.08080808080808079,0.32865168539325845,0.1888544891640867
2000,6,-0.8982902941034787,0.1160550439720151,0.38300600382831,0.3233906938014348,22.943606980762556,12.959416918112977,0.22186856589385245,0.16743576070026825,0.44,0.34,0.63,0.58,0.2535211267605634,0.23232323232323232,0.28370786516853935,0.4117647058823529
2000,7,-0.8303533538027441,0.1211914530087484,0.5876974207791794,0.3998988863154575,23.33676380246295,15.347841296065976,0.2256044736219306,0.18948872934272168,0.51,0.31,0.69,0.39,0.2863849765258216,0.202020202020202,0.300561797752809,0.35294117647058826
2000,8,-0.8912889064347276,0.116584387665332,0.3274526416829002,0.302626328645653,20.999258690961,16.30862004299426,0.20339271757834082,0.19835985952123056,0.51,0.36,0.64,0.62,0.2863849765258216,0.2525252525252525,0.2865168539325843,0.4241486068111455
2000,9,-0.5742955680560229,0.1405508400934972,0.3019778177851515,0.2931045188889811,19.879455716026925,17.4962243506194,0.19275197485922013,0.20932533148570034,0.43,0.47,0.45,0.98,0.24882629107981222,0.36363636363636354,0.23314606741573035,0.5356037151702786
2000,10,0.560321877340396,0.2263342044012135,0.2986247214072777,0.2918512208903746,20.77954995842485,19.753983933656,0.20130497165482342,0.23017183671588798,0.29,0.32,0.18,0.27,0.18309859154929578,0.2121212121212121,0.15730337078651685,0.31578947368421056
2000,11,1.5826535557773571,0.3036281426977783,0.2956204318832833,0.2907282975910318,25.404884222394102,17.44976513282038,0.2452564461503504,0.2088963609548633,0.21,0.39,0.1,0.55,0.14553990610328638,0.28282828282828276,0.13483146067415733,0.40247678018575855
2000,12,2.8484948882298333,0.3993327598073773,0.2673692880238123,0.2801687734774216,28.59630389264893,17.2886187923119,0.2755823841770125,0.20740845318316092,0.29,0.3,0.28,-0.02,0.18309859154929578,0.19191919191919188,0.1853932584269663,0.22600619195046442
2001,1,3.408260228814777,0.4416541204854287,0.4071869551311509,0.3324288884898521,28.34186445135918,17.34515686948984,0.2731646154328988,0.20793048455020732,0.52,0.4,0.83,0.31,0.29107981220657275,0.2929292929292929,0.3398876404494382,0.3281733746130031
2001,2,2.100681847982404,0.3427939513077487,0.2910656519437435,0.2890258423261052,26.0339430805155,18.3982085789935,0.2512339739961285,0.2176535959632927,0.43,0.43,0.6,0.54,0.24882629107981222,0.32323232323232315,0.2752808988764045,0.39938080495356043
2001,3,1.870374751780112,0.3253814590035511,0.3097992274293326,0.2960279532161355,23.137181881452527,19.652210219765173,0.2237079793989314,0.2292321324733011,0.68,0.41,1.06,0.2,0.36619718309859156,0.3030303030303029,0.404494382022472,0.29411764705882354
2001,4,0.5332392904022889,0.2242866107993935,0.294938175133399,0.2904732882137864,20.1324141773337,20.3748428843272,0.19515567083578111,0.23590439542569028,0.58,0.48,0.87,0.37,0.3192488262910798,0.37373737373737365,0.351123595505618,0.34674922600619196
2001,5,-0.2357210980798836,0.1661489456233373,0.4437575448610027,0.3460979995892902,21.92946562258124,21.3529518638608,0.21223185522708332,0.2449355403317908,0.66,0.48,0.98,0.46,0.35680751173708924,0.37373737373737365,0.3820224719101124,0.3746130030959752
2001,6,-0.6620060981412337,0.1339194381293809,0.5552359991445242,0.3877656726580467,24.19495517715453,22.0886536948752,0.23375929534170606,0.25172847443484214,0.57,0.5,0.69,0.5,0.3145539906103286,0.39393939393939387,0.300561797752809,0.38699690402476783
2001,7,-0.6494791892538299,0.1348665418365359,0.5753053950557061,0.3952670775966885,26.823243314940573,21.9140291128617,0.25873416903995156,0.2501161184118117,0.7,0.54,0.91,0.92,0.3755868544600939,0.4343434343434343,0.3623595505617978,0.5170278637770898
2001,8,-0.7546156965623876,0.1269176394597178,0.3495438336257113,0.3108834270193992,26.98248142941812,22.27890669529564,0.2602473029082851,0.25348513187442184,0.71,0.37,0.95,0.08,0.38028169014084506,0.2626262626262626,0.3735955056179775,0.25696594427244585
2001,9,-0.5612322529386233,0.1415384990831674,0.3390309121681909,0.3069539773593295,23.95599163988925,23.87120705456065,0.23148858381815385,0.2681872720034444,0.62,0.48,0.78,0.69,0.3380281690140845,0.37373737373737365,0.3258426966292135,0.44582043343653255
2001,10,0.5184789150985161,0.2231706446584359,0.3791748916947512,0.3219587262620852,25.194391635274,22.00698237531704,0.2432562751256583,0.25097438103928427,0.57,0.43,0.62,0.34,0.3145539906103286,0.32323232323232315,0.2808988764044944,0.33746130030959753
2001,11,1.7750924718834735,0.3181775908084984,0.3333409750245311,0.304827230606268,27.25999694776935,21.3496916522022,0.2628843482612971,0.2449054379152611,0.94,0.44,1.57,0.34,0.48826291079812206,0.33333333333333326,0.5477528089887641,0.33746130030959753
2001,12,3.190097770414317,0.4251598300766513,0.3743304667426681,0.3201480094163336,26.76087666415668,21.953333941851877,0.25814154024711977,0.2504790305346398,0.78,0.46,1.24,0.38,0.4131455399061033,0.3535353535353535,0.4550561797752809,0.34984520123839014
2002,1,3.483931205592944,0.447375265524067,0.3762409984833241,0.3208621152269028,26.33718662144982,21.5047617517578,0.2541154956321174,0.24633724210987942,0.86,0.5,1.47,0.52,0.4507042253521127,0.39393939393939387,0.5196629213483146,0.39318885448916413
2002,2,1.8629747573145303,0.3248219784282332,0.3030840110381603,0.2935179844246621,27.827394084870075,20.335671856632374,0.26827594579282704,0.2355427187264317,0.93,0.44,1.59,0.11,0.48356807511737093,0.33333333333333326,0.553370786516854,0.26625386996904027
2002,3,1.8833235683268723,0.3263604612669937,0.3210743749169151,0.3002423026375918,26.59821706145245,22.29044244842568,0.25659589425232143,0.25359164460490313,1.01,0.65,1.72,1.08,0.5211267605633803,0.5454545454545454,0.5898876404494382,0.5665634674922602
2002,4,0.7660624394706641,0.241889330638435,0.3662527755187947,0.3171287838697476,23.460856344345675,22.045141499783373,0.22678364249457403,0.2513267145621906,0.47,0.65,0.5,1.11,0.2676056338028169,0.5454545454545454,0.24719101123595508,0.5758513931888546
2002,5,-0.0988847224956988,0.176494533649427,0.4459523338260713,0.346918353169174,25.6604668346739,22.32726502008398,0.2476850776878851,0.25393163737403196,0.56,0.76,0.68,1.75,0.3098591549295775,0.6565656565656565,0.2977528089887641,0.7739938080495357
2002,6,-0.4939216316731549,0.1466275549312176,0.5878465333920735,0.3999546206333079,29.66220537521697,23.18543760850725,0.28571093687227883,0.2618553771235531,0.69,0.48,0.92,0.3,0.3708920187793427,0.37373737373737365,0.3651685393258427,0.325077399380805
2002,7,-0.3581779378156575,0.156890530165645,0.637159367313707,0.4183864427746043,29.88085406635584,25.83384025089716,0.28778860992759303,0.28630879543745913,0.7,0.58,1.07,0.82,0.3755868544600939,0.47474747474747464,0.4073033707865169,0.48606811145510836
2002,8,-0.5878895830716946,0.1395230572516016,0.4395414620353826,0.3445221402724581,28.83668639464128,26.002819545455,0.27786657917839624,0.287869026993671,0.59,0.54,0.8,0.9,0.323943661971831,0.4343434343434343,0.3314606741573034,0.5108359133126936
2002,9,-0.1764427454633654,0.1706307174652002,0.4253515809186297,0.3392183411566788,28.014723910679024,25.58155956835505,0.27005601650586303,0.2839794196227783,0.65,0.58,0.88,1.03,0.35211267605633806,0.47474747474747464,0.35393258426966295,0.5510835913312694
2002,10,1.1774091329554928,0.272989419401529,0.3932946699992907,0.3272363228163086,28.59282751635006,26.23822949695244,0.27554935048571216,0.29004263078302095,0.55,0.58,0.63,1.16,0.3051643192488263,0.47474747474747464,0.28370786516853935,0.5913312693498451
2002,11,2.024735236137825,0.3370519667311551,0.3878955348424315,0.3252182700901929,28.838136979340973,24.752410862046226,0.2778803631197924,0.27632366523132845,0.73,0.41,1.07,0.42,0.38967136150234744,0.3030303030303029,0.4073033707865169,0.3622291021671827
2002,12,3.4208461332790225,0.4426056845850106,0.48074612730053,0.3599233452156943,32.43493303109425,24.11589648457555,0.3120583232222014,0.27044655572917964,0.53,0.49,0.61,0.47,0.29577464788732394,0.38383838383838376,0.27808988764044945,0.3777089783281734
2003,1,4.299483825059278,0.5090355614693224,0.4886090755501686,0.3628623055657296,35.14366506401098,25.14847166383936,0.3377976017403751,0.2799806017971555,0.85,0.57,1.43,0.84,0.4460093896713615,0.4646464646464645,0.5084269662921349,0.49226006191950467
2003,2,3.1676415459286247,0.4234620151048756,0.42255394798635,0.3381726605797653,34.00722196033662,25.575142378888525,0.32699873894772197,0.28392016797579944,0.61,0.64,0.9,1.07,0.3333333333333333,0.5353535353535354,0.3595505617977528,0.563467492260062
2003,3,2.8333551433612048,0.3981881112257247,0.5010999355133654,0.3675310558873874,31.754957839387725,25.372391108729225,0.30559697133057967,0.2820481106294108,0.61,0.57,0.82,0.71,0.3333333333333333,0.4646464646464645,0.3370786516853933,0.4520123839009288
2003,4,1.3781776644854702,0.2881686325818304,0.4806373059066202,0.3598826706809291,30.83234829119284,25.4702141885346,0.29683002656235036,0.2829513375983572,0.63,0.52,0.92,0.57,0.3427230046948357,0.4141414141414141,0.3651685393258427,0.4086687306501548
2003,5,0.5393366959707802,0.2247476084381448,0.5841409510674822,0.3985695727886568,32.55244540024788,25.7766585411686,0.31317496509087633,0.2857808212368915,0.72,0.48,1.0,0.57,0.38497652582159625,0.37373737373737365,0.3876404494382023,0.4086687306501548
2003,6,0.0310618549183718,0.1863192147664685,0.6079439122750321,0.407466484860491,33.27968810667262,26.5555977229093,0.320085468730035,0.2929729775001886,0.57,0.42,0.61,0.27,0.3145539906103286,0.31313131313131304,0.27808988764044945,0.31578947368421056
2003,7,0.200651673177612,0.1991411445029083,0.7124303369937173,0.4465207237560958,34.0698367081706,25.54488502246856,0.32759372524177355,0.28364079361565964,0.7,0.46,0.8,0.51,0.3755868544600939,0.3535353535353535,0.3314606741573034,0.390092879256966
2003,8,0.164694302782081,0.1964225681081045,0.6550978638431375,0.4250913743556642,37.53572811096375,24.76830880951617,0.36052778554975357,0.276470455282657,0.86,0.43,1.05,0.42,0.4507042253521127,0.32323232323232315,0.401685393258427,0.3622291021671827
2003,9,0.3024672127489687,0.2068389633216423,0.4907757989838566,0.3636721689984941,37.31749601226805,24.44421156484935,0.35845407109528765,0.27347797771471805,0.86,0.51,1.04,0.88,0.4507042253521127,0.4040404040404039,0.3988764044943821,0.5046439628482973
2003,10,1.7160079816106304,0.3137104760337559,0.4906872332157332,0.3636390654764281,37.14727911988244,24.78073211948994,0.35683661320415266,0.27658516306566916,1.01,0.48,1.43,0.59,0.5211267605633803,0.37373737373737365,0.5084269662921349,0.4148606811145511
2003,11,2.534916178451807,0.3756244722174279,0.4682810837736433,0.3552642443894021,38.37903693034893,23.585270618522927,0.36854118824710874,0.2655471435087423,0.7,0.41,0.8,0.43,0.3755868544600939,0.3030303030303029,0.3314606741573034,0.3653250773993808
2003,12,3.9095631745620754,0.4795554002498581,0.4928382824415429,0.3644430703083204,36.71342316609156,25.42224047481736,0.35271396869901617,0.2825083833168509,0.96,0.51,1.52,0.8,0.49765258215962443,0.4040404040404039,0.5337078651685394,0.4798761609907121
2004,1,4.962768493756743,0.5591835568182904,0.6821116135823564,0.4351883935485592,36.92500681523907,26.88806785990488,0.354724507360323,0.2960427642488901,0.72,0.52,1.01,0.68,0.38497652582159625,0.4141414141414141,0.3904494382022472,0.4427244582043344
2004,2,3.9161902773231336,0.4800564459307288,0.5949690268202454,0.402616818719089,36.26792321574403,25.787148465656625,0.3484806790407991,0.2858776775484966,0.84,0.57,1.25,0.62,0.4413145539906103,0.4646464646464645,0.4578651685393259,0.4241486068111455
2004,3,3.424737771960059,0.4428999140277923,0.6320584702220051,0.4164798634832029,37.42065809238412,26.33613260090234,0.35943435171380367,0.29094659663655004,0.88,0.47,1.34,0.4,0.46009389671361506,0.36363636363636354,0.4831460674157304,0.3560371517027864
2004,4,1.960912817391247,0.3322266383171146,0.6595898765547701,0.426770368904808,34.73169180606075,24.582155470012225,0.33388289393629517,0.27475165112177885,0.69,0.55,0.89,0.75,0.3708920187793427,0.44444444444444436,0.3567415730337079,0.4643962848297214
2004,5,1.2191995998559726,0.2761490102056884,0.7941921234558085,0.4770810989399441,36.27563141231925,23.268809063569428,0.34855392490495674,0.26262516833031413,0.5,0.29,0.56,-0.21,0.28169014084507044,0.18181818181818177,0.26404494382022475,0.1671826625386997
2004,6,0.7251439948483291,0.2387956695492416,0.8411821201530558,0.4946447064770848,37.87051207651869,25.9685220563958,0.36370901485856727,0.2875523489955232,0.49,0.4,0.45,0.45,0.27699530516431925,0.2929292929292929,0.23314606741573035,0.37151702786377716
2004,7,0.8306789291834367,0.2467746952164315,0.945905425530948,0.5337874850454685,35.8099955682957,28.504151838308825,0.3441292972445891,0.3109645049697993,0.58,0.16,0.53,-0.75,0.3192488262910798,0.05050505050505051,0.2556179775280899,0.0
2004,8,0.6200804884378606,0.2308522864447219,0.7663619809743953,0.4666789339132996,33.8866413065003,30.15266036914265,0.32585294121089137,0.32618563035809944,0.58,0.41,0.48,0.49,0.3192488262910798,0.3030303030303029,0.24157303370786518,0.38390092879256965
2004,9,0.9718691158642264,0.2574494554802145,0.6607729775136821,0.4272125804898189,30.83638420141556,30.6261401779311,0.29686837713229763,0.3305573975668212,0.66,0.44,0.69,0.61,0.35680751173708924,0.33333333333333326,0.300561797752809,0.4210526315789474
2004,10,2.234739835962568,0.3529294778395515,0.7238756823331904,0.4507986885953937,31.886376122053,29.979200590828725,0.30684575184441265,0.32458402928284896,0.71,0.54,0.81,1.05,0.38028169014084506,0.4343434343434343,0.33426966292134835,0.5572755417956656
2004,11,3.237219008918796,0.4287224567449273,0.632335817083987,0.4165835283433409,33.06777997688195,27.735059387903625,0.3180718467450378,0.3038632662416677,0.97,0.43,1.43,0.51,0.5023474178403755,0.32323232323232315,0.5084269662921349,0.390092879256966
2004,12,4.712746898445099,0.5402805391690935,0.6801235427932153,0.434445305709641,36.8779223069487,28.037783077070905,0.3542770946011243,0.3066583959875194,0.54,0.54,0.56,0.95,0.3004694835680751,0.4343434343434343,0.26404494382022475,0.5263157894736843
2005,1,5.534108571977411,0.6023800317821305,0.7235416666482126,0.4506738424405834,36.75815645520577,31.5137996762943,0.3531390393865381,0.33875339793563203,0.98,0.55,1.56,1.04,0.5070422535211268,0.44444444444444436,0.5449438202247192,0.5541795665634676
2005,2,4.330569655274049,0.5113858224396091,0.6718812072867197,0.4313645405212918,35.35964331340418,32.46789941392713,0.3398498993642981,0.34756285901382733,0.75,0.51,1.11,0.77,0.39906103286384975,0.4040404040404039,0.4185393258426967,0.4705882352941177
2005,3,4.202643941460183,0.501713929805713,0.6608536860113117,0.4272427471737284,33.93126137952462,32.6800448303388,0.3262769360812284,0.34952165505482924,0.9,0.57,1.46,0.96,0.4694835680751174,0.4646464646464645,0.5168539325842697,0.5294117647058824
2005,4,2.567521360554218,0.3780896046071678,0.717826843031407,0.4485377937875849,32.773641365263025,31.79190999007,0.3152768431952565,0.34132126572556587,0.9,0.47,1.36,0.59,0.4694835680751174,0.36363636363636354,0.4887640449438203,0.4148606811145511
2005,5,1.6975845696583534,0.3123175640300618,0.7907107129896942,0.475779840557304,33.28450666324305,33.9523610067266,0.3201312562675672,0.3612692946285024,0.84,0.49,1.12,0.66,0.4413145539906103,0.38383838383838376,0.4213483146067416,0.4365325077399381
2005,6,1.3931898491758936,0.2893036369073662,0.8393922875125823,0.4939757147711057,35.8553449672086,33.512253474046545,0.3445602224136595,0.35720566267637044,0.79,0.54,0.97,1.0,0.4178403755868545,0.4343434343434343,0.3792134831460674,0.541795665634675
2005,7,1.4526534715086168,0.293799416166112,0.9790346724465526,0.5461703139819257,38.10009007214848,33.88238296312167,0.365890541823712,0.3606231684142815,0.82,0.47,0.95,0.71,0.431924882629108,0.36363636363636354,0.3735955056179775,0.4520123839009288
2005,8,1.3581508753806055,0.2866544963831787,0.7930277093417821,0.4766458719991713,35.73179135577158,33.377467392903654,0.3433861746385168,0.35596114631306364,0.73,0.48,0.75,0.72,0.38967136150234744,0.37373737373737365,0.3174157303370787,0.45510835913312697
2005,9,1.4631403796030646,0.2945922845123354,0.7376227944661062,0.4559369924737113,36.16130845032917,34.72697353827322,0.3474675898507961,0.36842150175966965,0.9,0.51,1.23,1.0,0.4694835680751174,0.4040404040404039,0.452247191011236,0.541795665634675
2005,10,2.594193584288613,0.3801061724774996,0.7429135543765129,0.4579145374230827,38.8715116623006,35.61400207575318,0.37322084800482114,0.3766116762958934,0.93,0.54,1.41,1.21,0.48356807511737093,0.4343434343434343,0.502808988764045,0.6068111455108359
2005,11,3.8813401376624217,0.4774215823131991,0.7160919807540429,0.4478893485372707,40.95554115434696,33.95425322363805,0.3930239938620025,0.36128676597932186,1.1,0.44,1.84,0.77,0.5633802816901409,0.33333333333333326,0.6235955056179776,0.4705882352941177
2005,12,5.591726673167402,0.6067362794188597,0.7209315762788502,0.449698260271908,43.849369402216176,33.800490216852374,0.42052211857515837,0.35986703052597663,0.93,0.52,1.6,1.03,0.48356807511737093,0.4141414141414141,0.5561797752808989,0.5510835913312694
2006,1,6.178110735606706,0.6510701629287282,0.8749220489863925,0.5072557920274376,42.92184358714567,32.7009823615518,0.4117084577933686,0.349714976946681,0.7,0.5,1.1,0.72,0.3755868544600939,0.39393939393939387,0.4157303370786517,0.45510835913312697
2006,2,4.772003802218988,0.5447606893596335,0.6860878501243173,0.4366746047212859,39.84388634692178,33.2857145986651,0.3824606777581304,0.35511396793351013,1.0,0.51,1.86,0.64,0.5164319248826291,0.4040404040404039,0.6292134831460675,0.4303405572755418
2006,3,4.765472480954658,0.5442668852905158,0.7678694309109662,0.4672423784957371,35.22339613028314,34.07868779272904,0.3385552330218719,0.36243570403050385,0.81,0.49,1.42,0.62,0.42723004694835687,0.38383838383838376,0.5056179775280899,0.4241486068111455
2006,4,2.9719022351023643,0.4086630388701291,0.7930040731151262,0.4766370374080281,37.0180463949145,32.51948283929283,0.35560860059116983,0.3480391427398522,0.67,0.43,0.99,0.25,0.36150234741784043,0.32323232323232315,0.3848314606741573,0.30959752321981426
2006,5,2.1488295598123592,0.3464341850457809,1.0075702868006853,0.5568361655795817,36.33190141718978,35.27941220176276,0.3490886213274826,0.3735223174418706,0.8,0.3,1.25,-0.47,0.4225352112676057,0.19191919191919188,0.4578651685393259,0.08668730650154799
2006,6,1.8809167117833905,0.3261784895790528,0.994198818888648,0.5518382674925565,39.25525925587425,37.995045227998624,0.3768673460975229,0.398596492083865,0.81,0.48,1.15,0.46,0.42723004694835687,0.37373737373737365,0.4297752808988764,0.3746130030959752
2006,7,2.048967302391881,0.3388840451782428,1.0183995077972328,0.5608838395715968,39.975323402771394,37.71821129874088,0.38370963666104524,0.3960404094976035,0.71,0.42,0.85,0.35,0.38028169014084506,0.31313131313131304,0.3455056179775281,0.3405572755417957
2006,8,2.093241531788017,0.342231422186363,0.9363337764756156,0.5302098579054999,35.2002039843889,39.40444400737886,0.3383348534880709,0.41160985242857184,0.76,0.66,0.91,1.61,0.40375586854460094,0.5555555555555556,0.3623595505617978,0.7306501547987617
2006,9,1.970217057042861,0.332930090377436,0.8424979740379452,0.4951365375652911,38.107661135668174,39.7491096653943,0.3659624846036711,0.41479224372322915,0.86,0.48,1.1,0.73,0.4507042253521127,0.37373737373737365,0.4157303370786517,0.4582043343653251
2006,10,3.267916007892561,0.431043319919387,0.8223145593027672,0.4875925154311339,40.08310009529102,37.89842038832085,0.38473376687135,0.3977043287902872,0.92,0.46,1.23,0.83,0.47887323943661975,0.3535353535353535,0.452247191011236,0.48916408668730654
2006,11,4.467631647148574,0.521748468307094,0.8194327214037336,0.4865153612834033,35.98989733590754,37.89687885129369,0.345838784062112,0.39769009536174127,0.88,0.49,1.12,0.87,0.46009389671361506,0.38383838383838376,0.4213483146067416,0.5015479876160991
2006,12,5.889567292413529,0.62925468018036,0.8265603309337375,0.4891794716316023,38.90437557193432,36.9195695176339,0.3735331318752738,0.38866633380239557,1.13,0.43,1.83,0.43,0.5774647887323944,0.32323232323232315,0.6207865168539327,0.3653250773993808
2007,1,6.507942926442814,0.6760073037260129,0.8910513847536912,0.5132845075661258,38.98308361285818,37.68487419936556,0.3742810420274559,0.39573259903730984,1.3,0.53,2.26,0.77,0.6572769953051644,0.42424242424242414,0.7415730337078652,0.4705882352941177
2007,2,4.975519872656113,0.5601476317018457,0.8134922868403471,0.4842949852756413,35.404881515936594,37.0949103314537,0.34027976790813835,0.3902853029875218,0.89,0.52,1.4,0.69,0.46478873239436624,0.4141414141414141,0.5,0.44582043343653255
2007,3,5.044789618836012,0.5653848082463833,0.9118217413239064,0.5210479129044177,37.62314840204375,37.24948630400532,0.36135848241932356,0.39171254477379064,0.87,0.49,1.43,0.81,0.45539906103286387,0.38383838383838376,0.5084269662921349,0.48297213622291024
2007,4,3.5944213197077257,0.45572893023279,0.8902427900426835,0.5129822764284594,40.001166413655575,37.826073140476375,0.3839552056013512,0.39703632707216313,1.05,0.52,1.91,0.87,0.539906103286385,0.4141414141414141,0.6432584269662922,0.5015479876160991
2007,5,2.899784384876085,0.4032105298820544,1.135581680178936,0.6046834103466756,38.96624788621744,38.615541860036345,0.37412106331719736,0.4043257054076729,0.67,0.61,1.04,1.35,0.36150234741784043,0.505050505050505,0.3988764044943821,0.65015479876161
2007,6,2.5522458881831014,0.3769346942744378,1.2315068509475942,0.6405376808453284,35.68764171845915,39.25638506702255,0.34296665000579135,0.4102427841642163,0.67,0.52,0.93,0.81,0.36150234741784043,0.4141414141414141,0.3679775280898877,0.48297213622291024
2007,7,2.53763109107612,0.3758297346516167,1.3639884194305671,0.6900557578465142,36.51869744823685,37.93780138602525,0.35086361974400465,0.39806794419946673,0.72,0.47,1.05,0.77,0.38497652582159625,0.36363636363636354,0.401685393258427,0.4705882352941177
2007,8,2.662378117781337,0.3852613009311385,1.157586389154432,0.6129081836937493,35.741786566343215,36.846643230521,0.3434811524752407,0.3879929856580052,0.73,0.42,1.08,0.74,0.38967136150234744,0.31313131313131304,0.4101123595505618,0.4613003095975232
2007,9,2.711114452012493,0.3889460377834907,0.9284366659365064,0.5272581286027724,37.0549233428583,36.66453325630875,0.35595901769499966,0.3863115149830899,0.72,0.48,1.06,1.11,0.38497652582159625,0.37373737373737365,0.404494382022472,0.5758513931888546
2007,10,4.2121978658012384,0.5024362594117335,1.0040246116793532,0.5555108867827665,37.58546363286608,37.55468968797188,0.3610003891277133,0.39453057021278476,0.84,0.37,1.35,0.74,0.4413145539906103,0.2626262626262626,0.4859550561797753,0.4613003095975232
2007,11,5.300443195298824,0.584713634870072,0.9671520743799022,0.5417289157347864,40.21906358450882,37.82182166761173,0.38602573745934177,0.39699707207266066,0.79,0.35,1.38,0.82,0.4178403755868545,0.24242424242424238,0.4943820224719101,0.48606811145510836
2007,12,6.71628316701692,0.6917589800550169,0.96914879647117,0.5424752371997084,43.54937093919263,36.28802101996303,0.41767143275575946,0.38283507561231594,0.77,0.2,1.38,0.22,0.4084507042253521,0.0909090909090909,0.4943820224719101,0.30030959752321984
2008,1,7.289317502987361,0.7350835502904128,1.2138873083016342,0.6339519657193751,44.40391730177946,35.52431035803656,0.4257916183503568,0.37578352839364015,0.27,0.29,0.23,0.44,0.17370892018779344,0.18181818181818177,0.1713483146067416,0.368421052631579
2008,2,5.876943873902148,0.6283002798109983,1.0672928402392894,0.5791588632479772,42.600888165303125,36.69903170334628,0.4086586319359811,0.38663004848063526,0.47,0.19,0.72,-0.17,0.2676056338028169,0.08080808080808079,0.3089887640449438,0.17956656346749228
2008,3,5.214160951031877,0.5781902192260856,1.022224928875714,0.5623136799463395,40.36052173643448,36.770008287608825,0.3873699201717085,0.38728539449097527,1.06,0.35,2.04,0.46,0.5446009389671361,0.24242424242424238,0.6797752808988765,0.3746130030959752
2008,4,3.992402137660749,0.485818484762792,1.0989681888015288,0.5909982637555729,40.8479339233668,38.29177182835196,0.3920014739319726,0.4013362490857519,0.62,0.42,0.99,0.71,0.3380281690140845,0.31313131313131304,0.3848314606741573,0.4520123839009288
2008,5,2.9980130616957688,0.4106371620066326,1.2119776827515856,0.6332381986186868,40.4644187828339,42.64358463664948,0.3883571846858771,0.44151771444219906,0.62,0.4,0.96,0.5,0.3380281690140845,0.2929292929292929,0.3764044943820225,0.38699690402476783
2008,6,2.6018302773678386,0.3806835487792473,1.35465268456899,0.6865663091403145,39.30877873034835,44.72853256844905,0.37737590605948856,0.4607686029298348,0.64,0.34,0.85,0.11,0.3474178403755869,0.23232323232323232,0.3455056179775281,0.26625386996904027
2008,7,2.69138401631424,0.3874543075440866,1.3762036894844631,0.694621500010088,39.06526506880674,44.26405101740384,0.3750619577319197,0.4564799190699853,0.67,0.52,0.82,1.03,0.36150234741784043,0.4141414141414141,0.3370786516853933,0.5510835913312694
2008,8,2.4348738672264467,0.3680607192847973,1.2291737751330245,0.6396656393292263,36.16350869845343,43.63088283545585,0.3474884973450005,0.4506337058966524,0.64,0.42,0.78,0.36,0.3474178403755869,0.31313131313131304,0.3258426966292135,0.34365325077399383
2008,9,2.73299160089962,0.390600071432112,1.078652789006314,0.5834049091260296,36.46263373443728,42.89622698851443,0.3503308835682906,0.44385042964761345,0.67,0.56,0.84,1.13,0.36150234741784043,0.45454545454545453,0.3426966292134832,0.5820433436532508
2008,10,3.926236429831226,0.4808159907129716,1.0854575298661158,0.5859483397762494,38.83963009425444,41.93214589124174,0.37291789867296987,0.43494880797468516,0.9,0.45,1.38,0.8,0.4694835680751174,0.34343434343434337,0.4943820224719101,0.4798761609907121
2008,11,4.733418901645313,0.5418434571276436,1.02534520664759,0.5634799565593214,44.72956805343253,40.73575677286048,0.428886060803354,0.4239022234751388,0.99,0.41,1.67,0.68,0.5117370892018779,0.3030303030303029,0.5758426966292135,0.4427244582043344
2008,12,6.149834418952986,0.6489323167475081,1.0798382512539395,0.5838480032977857,45.57447452258632,42.9873154530143,0.4369146449036199,0.44469147409090726,0.76,0.43,1.23,0.54,0.40375586854460094,0.32323232323232315,0.452247191011236,0.39938080495356043
2009,1,6.656820262999441,0.6872632551048827,1.0405501929940413,0.5691631749369956,39.60997778721807,44.1773722278934,0.3802380003235096,0.4556795903492251,0.88,0.46,1.58,0.57,0.46009389671361506,0.3535353535353535,0.550561797752809,0.4086687306501548
2009,2,5.000003851023818,0.5619987561002416,0.8050683409366446,0.4811463389643849,40.4856656124292,41.76745665850908,0.3885590791730157,0.43342818772029146,0.66,0.42,1.1,0.44,0.35680751173708924,0.31313131313131304,0.4157303370786517,0.368421052631579
2009,3,5.016940650417327,0.5632792719591112,0.9020197510176776,0.5173841903480901,42.56675484726672,41.86877640290965,0.4083342857219548,0.4343637003397206,0.55,0.51,0.84,0.71,0.3051643192488263,0.4040404040404039,0.3426966292134832,0.4520123839009288
2009,4,3.3469037392198064,0.4370152299757477,0.9192149146601328,0.5238112839207671,41.70998514875362,42.15687021410006,0.40019297324512976,0.43702374846304115,0.63,0.52,0.96,0.6,0.3427230046948357,0.4141414141414141,0.3764044943820225,0.4179566563467493
2009,5,2.566026398757428,0.3779765772136965,1.0839145934022727,0.5853716312763471,41.64967879454697,44.44023873460312,0.3996199220800542,0.45810670794320524,0.59,0.66,0.77,1.11,0.323943661971831,0.5555555555555556,0.3230337078651686,0.5758513931888546
2009,6,2.471747561978688,0.3708485748771268,1.2991654943778026,0.6658266772962078,44.41498507163362,43.71565417709073,0.4258967880044199,0.45141642263497966,0.73,0.63,0.77,0.88,0.38967136150234744,0.5252525252525252,0.3230337078651686,0.5046439628482973
2009,7,2.453715965546456,0.3694852862972871,1.374837364314018,0.6941108041014156,46.773373612758135,41.87420818910222,0.44830698538696,0.43441385349159883,0.74,0.74,0.76,1.6,0.3943661971830986,0.6363636363636364,0.3202247191011236,0.7275541795665635
2009,8,2.4479314249895374,0.3690479429865878,1.0134821342010327,0.5590458564682225,47.50767907332787,44.24469298495328,0.4552846016802441,0.4563011811176547,0.76,0.67,0.81,1.22,0.40375586854460094,0.5656565656565656,0.33426966292134835,0.6099071207430341
2009,9,2.6136000431240323,0.3815734082713402,0.8782050033081643,0.5084828727961693,46.44171153670372,47.24936187235096,0.44515542131722513,0.4840441020852954,0.91,0.61,1.35,1.08,0.47417840375586856,0.505050505050505,0.4859550561797753,0.5665634674922602
2009,10,4.133714479870788,0.4965024806612906,1.053603707542457,0.5740422305365497,43.09840113135368,50.25527208304797,0.41338616668063766,0.5117984845268886,0.83,0.55,1.11,0.81,0.43661971830985913,0.44444444444444436,0.4185393258426967,0.48297213622291024
2009,11,5.058501399347593,0.5664214948121548,1.090823580996172,0.5879540265755008,45.24142691472048,48.816003628439546,0.4337499150468095,0.4985093293874008,0.85,0.68,1.19,1.25,0.4460093896713615,0.5757575757575758,0.4410112359550562,0.6191950464396285
2009,12,6.879067317829476,0.7040663636311586,1.0109432150169426,0.5580968761904586,47.92368288534312,48.157662303086816,0.4592376091582679,0.4924306857685989,0.77,0.67,0.94,0.91,0.4084507042253521,0.5656565656565656,0.3707865168539326,0.5139318885448917
2010,1,7.905779627353597,0.7816915019052774,1.274669445856054,0.6566707076710396,46.94709706255188,46.62860922952875,0.4499577637603986,0.47831252494463217,0.83,0.69,1.15,0.98,0.43661971830985913,0.5858585858585857,0.4297752808988764,0.5356037151702786
2010,2,6.007932675876658,0.6382037588784163,1.145718356594419,0.6084722296445275,48.593370543662495,43.411527307152575,0.46560120546391837,0.4486083369413385,0.96,0.7,1.42,1.06,0.49765258215962443,0.5959595959595959,0.5056179775280899,0.5603715170278638
2010,3,6.092898193412241,0.6446276226872457,1.1907460142804642,0.6253023671950744,52.23781808556053,41.570531331457175,0.5002319659769021,0.4316099228832433,1.1,0.69,1.77,1.0,0.5633802816901409,0.5858585858585857,0.603932584269663,0.541795665634675
2010,4,4.631022378692565,0.5341017127468051,1.1650424794468497,0.6156950713903211,50.00264793126215,42.04557926553765,0.47899263095303646,0.4359961690171559,1.14,0.62,1.84,0.66,0.5821596244131455,0.5151515151515151,0.6235955056179776,0.4365325077399381
2010,5,3.9172236751982457,0.4801345765347974,1.3450539313281236,0.6829785511786649,47.57127233441335,44.9947292333276,0.45588888613476636,0.4632264687754027,0.97,0.59,1.47,0.66,0.5023474178403755,0.4848484848484847,0.5196629213483146,0.4365325077399381
2010,6,3.492717623436109,0.4480395673870943,1.5106359597017105,0.7448686972941195,47.87355972199554,47.3569661602037,0.4587613220815333,0.4850376415951558,0.91,0.5,1.28,0.32,0.47417840375586856,0.39393939393939387,0.4662921348314607,0.3312693498452013
2010,7,3.5867722305886414,0.4551506167217587,1.5700871529091145,0.767089967745299,47.91909970414025,48.27419227531675,0.4591940582362696,0.4935066385378028,0.95,0.4,1.3,0.16,0.49295774647887325,0.2929292929292929,0.4719101123595506,0.281733746130031
2010,8,3.505912698541908,0.4490371881617977,1.428704682903175,0.714244971142834,45.19443473036807,47.35774164074422,0.4333033795805746,0.4850448018168488,0.89,0.42,1.19,0.36,0.46478873239436624,0.31313131313131304,0.4410112359550562,0.34365325077399383
2010,9,3.467407055596341,0.4461259482455559,1.1760382142563874,0.6198049838046906,44.56718943607534,44.8301290000944,0.4273430848253824,0.46170667027747275,0.79,0.52,1.08,0.93,0.4178403755868545,0.4141414141414141,0.4101123595505618,0.5201238390092879
2010,10,4.6954941644587525,0.5389761369048239,1.2870201375706185,0.6612870668396611,47.22650623847595,43.41683427136603,0.45261280328156483,0.448657337578104,0.91,0.47,1.54,0.76,0.47417840375586856,0.36363636363636354,0.5393258426966293,0.4674922600619196
2010,11,5.777710429754015,0.6207976817102838,1.211171683495586,0.6329369375928815,47.57758342292813,44.90247729842508,0.45594885621045517,0.4623746816950203,1.21,0.34,2.26,0.22,0.6150234741784038,0.23232323232323232,0.7415730337078652,0.30030959752321984
2010,12,7.96847892174287,0.7864319158961379,1.2681642926996184,0.6542392549143017,46.12516405285772,44.98989613498766,0.44214748116222724,0.463181843470486,0.65,0.37,0.98,0.46,0.35211267605633806,0.2626262626262626,0.3820224719101124,0.3746130030959752
2011,1,8.597878775908564,0.8340180315549318,1.5531331996298507,0.7607530321732766,48.36571523377875,43.517690572044096,0.4634379485023469,0.4495885710962251,0.66,0.43,1.05,0.63,0.35680751173708924,0.32323232323232315,0.401685393258427,0.4272445820433437
2011,2,6.520864165983658,0.67698422101504,1.309142879261199,0.6695559576676882,45.53373313833653,41.62119734698072,0.43652750663240003,0.432077735915924,0.61,0.42,0.96,0.37,0.3333333333333333,0.31313131313131304,0.3764044943820225,0.34674922600619196
2011,3,7.054257225300356,0.7173116911347903,1.4187646819850692,0.7105296639005448,41.604834886195,41.6107780679162,0.3991938002515055,0.43198153189263244,0.89,0.41,1.63,0.2,0.46478873239436624,0.3030303030303029,0.5646067415730337,0.29411764705882354
2011,4,5.141911557779521,0.5727277648565312,1.3258753300949198,0.6758101015330609,37.263787587853024,43.26613633909572,0.3579437156677328,0.4472659027872366,0.85,0.49,1.51,0.63,0.4460093896713615,0.38383838383838376,0.5308988764044944,0.4272445820433437
2011,5,4.476860781281767,0.522446241974161,1.5178409589206088,0.7475617338440359,40.027340088452426,44.39018175794948,0.3842039166208443,0.4576445183312298,0.71,0.41,1.08,0.23,0.38028169014084506,0.3030303030303029,0.4101123595505618,0.30340557275541796
2011,6,4.028688769221899,0.4885619551257234,1.6637969033463311,0.8021161732095589,43.30221733777832,46.0196634205681,0.41532289650105936,0.4726899634962048,0.79,0.46,1.17,0.38,0.4178403755868545,0.3535353535353535,0.4353932584269663,0.34984520123839014
2011,7,4.339698553337181,0.5120760177045021,1.7225952027145008,0.8240934093563819,44.7606462272803,47.28333585102588,0.42918137601459794,0.48435779302451604,0.78,0.62,1.14,1.35,0.4131455399061033,0.5151515151515151,0.4269662921348315,0.65015479876161
2011,8,4.049841828272127,0.4901612435714376,1.5111750579869914,0.745070197855348,42.62950536507564,49.7122445046307,0.40893056214775686,0.506784563940009,0.75,0.64,1.09,1.59,0.39906103286384975,0.5353535353535354,0.4129213483146068,0.7244582043343655
2011,9,3.947049311365975,0.4823895598540357,1.2858180992508506,0.6608377769742236,42.87781521719998,49.77621658370643,0.4112900854837559,0.5073752354583841,0.79,0.45,1.21,0.77,0.4178403755868545,0.34343434343434337,0.4466292134831461,0.4705882352941177
2011,10,5.202140102426823,0.5772813764796964,1.4206457948328564,0.7112327737135646,44.3797488605906,50.48262208265652,0.4255619617318539,0.513897668599246,0.93,0.4,1.6,0.64,0.48356807511737093,0.2929292929292929,0.5561797752808989,0.4303405572755418
2011,11,6.430830928317251,0.6701772094906912,1.446438929062944,0.7208735593830939,48.1242989496388,49.74927956493192,0.4611439301569405,0.507126518674282,0.65,0.45,0.94,0.91,0.35211267605633806,0.34343434343434337,0.3707865168539326,0.5139318885448917
2011,12,7.914229270124713,0.7823303417072262,1.4090096750560206,0.7068835024775555,53.616412185067325,48.533753754634255,0.5133318285914066,0.49590323991945656,0.87,0.3,1.5,0.3,0.45539906103286387,0.19191919191919188,0.5280898876404495,0.325077399380805
2012,1,8.233428942216497,0.8064636051865182,1.5434108764026662,0.7571190870463662,54.9361661206684,50.71187447882257,0.5258725722718783,0.5160144180138497,0.71,0.31,1.14,0.25,0.38028169014084506,0.202020202020202,0.4269662921348315,0.30959752321981426
2012,2,7.770581816891271,0.7714697984795529,1.417219744559604,0.709952207494554,54.3390885801506,50.91379242803596,0.5201989416116372,0.5178787810824296,0.62,0.41,1.02,0.38,0.3380281690140845,0.3030303030303029,0.3932584269662922,0.34984520123839014
2012,3,7.05022490870453,0.7170068256623378,1.4702946612085426,0.7297901958241642,53.110790942474495,50.19330093879452,0.5085272462888196,0.5112262881812251,0.63,0.44,1.03,0.53,0.3427230046948357,0.33333333333333326,0.3960674157303371,0.39628482972136225
2012,4,5.316471552296678,0.5859254674513352,1.448629608696201,0.7216923770043427,51.8012670893263,50.73836537964013,0.49608371227631015,0.5162590156701258,1.01,0.43,1.87,0.28,0.5211267605633803,0.32323232323232315,0.6320224719101125,0.3188854489164087
2012,5,4.631120807037577,0.5341091544749511,1.6341020432001243,0.7910170264520361,55.226757523687056,51.20516122208185,0.5286338690581205,0.520569068008738,0.95,0.56,1.55,0.84,0.49295774647887325,0.45454545454545453,0.5421348314606742,0.49226006191950467
2012,6,4.236150742506846,0.5042472295823331,1.7910280294093828,0.8496717748640449,56.31367963122095,54.9428640259903,0.5389621667684149,0.5550802895028211,0.99,0.42,1.61,0.15,0.5117370892018779,0.31313131313131304,0.5589887640449439,0.2786377708978328
2012,7,4.468166950748808,0.5217889402246909,1.909691034249072,0.894024841317957,56.75201878016468,56.44156248155223,0.5431274120946324,0.568918177924194,0.93,0.34,1.37,-0.24,0.48356807511737093,0.23232323232323232,0.4915730337078652,0.15789473684210528
2012,8,4.173416556837163,0.4995041776173864,1.5696061399851993,0.7669101779430063,58.146983242890464,55.8489456874133,0.5563828313803825,0.5634463866886105,0.82,0.51,1.08,0.59,0.431924882629108,0.4040404040404039,0.4101123595505618,0.4148606811145511
2012,9,4.160806875622166,0.4985508158637318,1.4125207236231332,0.7081958387918974,55.06286829547111,55.32525556731822,0.5270765387500957,0.5586110140875665,0.94,0.55,1.35,0.76,0.48826291079812206,0.44444444444444436,0.4859550561797753,0.4674922600619196
2012,10,5.567517745974135,0.604905950412951,1.515374253819146,0.7466397452644008,56.40651627297956,57.7055407137496,0.5398443316152431,0.5805888310027235,0.91,0.66,1.32,1.37,0.47417840375586856,0.5555555555555556,0.4775280898876405,0.6563467492260062
2012,11,6.708888891670229,0.6911999318767694,1.4583681982631087,0.7253324020552167,58.03582364198985,58.66161139684488,0.5553265556422213,0.5894164903537554,0.93,0.57,1.4,1.05,0.48356807511737093,0.4646464646464645,0.5,0.5572755417956656
2012,12,8.620288232422189,0.8357123106089389,1.5195861227973269,0.7482140295574439,62.07550852376912,57.50866882227363,0.5937129936634861,0.5787710595508089,0.51,0.55,0.43,1.0,0.2863849765258216,0.44444444444444436,0.22752808988764045,0.541795665634675
2013,1,8.98402321911407,0.8632126905841033,1.7496729970020763,0.8342143666933775,65.23131688993558,56.2110953997504,0.6237005411579039,0.5667902129883942,0.84,0.53,1.32,0.93,0.4413145539906103,0.42424242424242414,0.4775280898876405,0.5201238390092879
2013,2,7.370287664115642,0.7412053430217902,1.3450358385198211,0.6829717885694586,63.27827986549183,56.7494140370214,0.6051421295772894,0.5717606546473258,0.71,0.49,1.09,0.5,0.38028169014084506,0.38383838383838376,0.4129213483146068,0.38699690402476783
2013,3,7.578308598560588,0.7569328780385708,1.5218001517583564,0.7490415745346851,58.86766371320485,57.6166204236515,0.5632309784553282,0.5797678059004375,0.79,0.51,1.21,0.64,0.4178403755868545,0.4040404040404039,0.4466292134831461,0.4303405572755418
2013,4,5.93200174717528,0.6324629600343286,1.496348599809997,0.7395284632120295,59.209669881907125,56.03988275640615,0.5664808355560627,0.5652093603184435,0.7,0.49,0.99,0.42,0.3755868544600939,0.38383838383838376,0.3848314606741573,0.3622291021671827
2013,5,4.97918553493224,0.5604247760765756,1.6594757363482695,0.8005010362316742,59.80328746532295,55.57536925154714,0.5721215885457088,0.5609203814203837,0.8,0.52,1.15,0.59,0.4225352112676057,0.4141414141414141,0.4297752808988764,0.4148606811145511
2013,6,4.468051447342615,0.521780207527329,1.7936675059651974,0.8506583408054833,57.3707701612807,55.6311655675215,0.5490069948435028,0.5614355639055003,0.81,0.6,1.12,1.18,0.42723004694835687,0.49494949494949486,0.4213483146067416,0.5975232198142415
2013,7,4.806893507638188,0.5473985443676873,1.885586741006232,0.8850152993678893,57.67101672157378,55.90341925135766,0.5518600381662067,0.563949355846268,0.75,0.5,0.79,0.61,0.39906103286384975,0.39393939393939387,0.32865168539325845,0.4210526315789474
2013,8,4.70996791695986,0.5400704327740967,1.7306613792897667,0.8271083310344152,58.1781470464632,53.878351302158826,0.5566789602739374,0.5452513554428413,0.77,0.61,0.82,1.18,0.4084507042253521,0.505050505050505,0.3370786516853933,0.5975232198142415
2013,9,4.628823585356097,0.5339354717899214,1.4542470248469122,0.7237920173443828,56.01500315023223,54.02323151984162,0.5361240428648413,0.5465890737005191,0.77,0.75,0.89,2.01,0.4084507042253521,0.6464646464646464,0.3567415730337079,0.8544891640866873
2013,10,6.023389831179207,0.6393724054472307,1.5763992415489263,0.7694492581347746,55.38496596503117,58.06816889815345,0.5301372186276596,0.5839370751645847,0.8,0.57,1.01,1.06,0.4225352112676057,0.4646464646464645,0.3904494382022472,0.5603715170278638
2013,11,7.226722749152655,0.7303510401446003,1.484902160651162,0.7352500895322265,56.073711375154176,59.241544112517,0.5366819080704838,0.5947711660602607,1.06,0.51,1.63,0.78,0.5446009389671361,0.4040404040404039,0.5646067415730337,0.4736842105263158
2013,12,8.95049498475341,0.8606777703302111,1.4664391019858267,0.7283490906148941,57.64978095326635,58.22698582794237,0.5516582487871282,0.585403474856723,0.89,0.52,1.37,0.81,0.46478873239436624,0.4141414141414141,0.4915730337078652,0.48297213622291024
2014,1,9.098229709694136,0.8718473339411977,1.63703363159456,0.7921127760080968,58.0357018342869,59.62708697995756,0.555325398184653,0.5983309876918232,0.97,0.53,1.52,0.77,0.5023474178403755,0.42424242424242414,0.5337078651685394,0.4705882352941177
2014,2,7.577302047973886,0.7568567772382319,1.4893497000234004,0.7369124611332134,55.31228804084637,61.83437948573497,0.5294466086632988,0.6187115167401621,0.74,0.43,1.03,0.2,0.3943661971830986,0.32323232323232315,0.3960674157303371,0.29411764705882354
2014,3,7.569766034585319,0.7562870128788328,1.6066730711412949,0.7807648082300949,54.68575636092592,60.75251851252143,0.5234930949107529,0.6087224015988152,1.17,0.43,2.07,0.02,0.596244131455399,0.32323232323232315,0.6882022471910113,0.23839009287925697
2014,4,5.918417494544505,0.6314359152828117,1.6288092796816025,0.7890387326073875,56.42514444213356,58.13464707570154,0.5400213427142784,0.5845508861683612,1.05,0.54,1.68,0.31,0.539906103286385,0.4343434343434343,0.5786516853932585,0.3281733746130031
2014,5,5.205801524697579,0.5775582002865318,1.773464756085953,0.8431070917101445,55.631169750100725,58.59632229772822,0.5324767294095032,0.5888136584329274,0.92,0.74,1.24,1.36,0.47887323943661975,0.6363636363636364,0.4550561797752809,0.6532507739938082
2014,6,4.780129422124391,0.5453750312379463,1.8812021740233988,0.8833764651665815,56.12178644587773,60.741057686985954,0.5371387334855109,0.6086165806950916,0.92,0.53,1.02,0.43,0.47887323943661975,0.42424242424242414,0.3932584269662922,0.3653250773993808
2014,7,4.805701085788941,0.5473083906702296,2.042824744921146,0.943786671676726,59.83971884170755,62.256006051290726,0.5724677716794291,0.6226045089214742,0.87,0.44,0.87,0.2,0.45539906103286387,0.33333333333333326,0.351123595505618,0.29411764705882354
2014,8,4.557376269654116,0.5285336589264411,1.7468057032814597,0.8331426487716442,58.48633876746327,61.07515937263223,0.5596075011733022,0.6117014319740183,1.03,0.63,1.11,1.16,0.5305164319248826,0.5252525252525252,0.4185393258426967,0.5913312693498451
2014,9,4.648649716737571,0.535434437153102,1.4911286499216485,0.7375773851603924,57.49472258009597,62.33001851779122,0.5501848322198534,0.6232878860540946,0.94,0.76,0.93,1.83,0.48826291079812206,0.6565656565656565,0.3679775280898877,0.7987616099071209
2014,10,6.006573896437748,0.6381010276256097,1.6809197955969792,0.8085162536634641,56.91716266396888,63.92522007924148,0.5446966645600496,0.6380168137680234,0.96,0.62,1.08,1.27,0.49765258215962443,0.5151515151515151,0.4101123595505618,0.6253869969040249
2014,11,7.308684275118905,0.736547785549588,1.6840495778929632,0.8096860828140708,58.20775086607988,65.47106483938583,0.556960265677741,0.6522900167784456,0.8,0.54,0.86,0.81,0.4225352112676057,0.4343434343434343,0.34831460674157305,0.48297213622291024
2014,12,8.979599796527102,0.8628782553321122,1.6326573734066314,0.790477047412728,63.28555652279414,64.02318648578174,0.6052112748108192,0.6389213641115005,1.12,0.49,1.66,0.43,0.5727699530516432,0.38383838383838376,0.5730337078651686,0.3653250773993808
2015,1,9.44503161581135,0.8980674792207983,1.7085045695060344,0.8188267064617676,66.12281311860305,65.5910004921322,0.6321718367488762,0.6533974151175107,1.14,0.53,1.78,0.46,0.5821596244131455,0.42424242424242414,0.6067415730337079,0.3746130030959752
2015,2,7.414487808616306,0.744547118801405,1.4284278061832745,0.7141414820092672,64.81696202366388,66.95428521366719,0.6197632025143156,0.6659849918866416,1.16,0.61,1.89,0.87,0.5915492957746479,0.505050505050505,0.6376404494382023,0.5015479876160991
2015,3,7.419079036463204,0.7448942410606372,1.6460487275531066,0.7954823784438181,65.71492935725725,66.85734672039958,0.6282959887104805,0.6650899325445871,1.26,0.62,2.07,0.74,0.6384976525821596,0.5151515151515151,0.6882022471910113,0.4613003095975232
2015,4,5.766897931143985,0.61998019691741,1.543324721850237,0.7570868847724195,65.38174826186983,66.17348360146342,0.6251299904105555,0.6587756392988638,1.05,0.59,1.48,0.46,0.539906103286385,0.4848484848484847,0.5224719101123596,0.3746130030959752
2015,5,4.9771375750104045,0.5602699389614094,1.6708539598407914,0.8047539127147286,65.62222331974505,68.25724910483592,0.6274150649089212,0.6780156101048411,1.07,0.59,1.36,0.44,0.5492957746478874,0.4848484848484847,0.4887640449438203,0.368421052631579
2015,6,4.574952370803471,0.52986250953959,1.8685058366329603,0.8786309128627261,63.8675746157181,70.25328315361155,0.6107418055589106,0.6964455326484404,1.09,0.65,1.31,0.78,0.5586854460093897,0.5454545454545454,0.4747191011235956,0.4736842105263158
2015,7,4.780250093757145,0.5453841546818666,1.9487603605402888,0.9086279135024592,66.80046576614372,70.84413442422434,0.638611119048368,0.701901022327517,0.98,0.6,1.05,0.57,0.5070422535211268,0.49494949494949486,0.401685393258427,0.4086687306501548
2015,8,4.745973179790306,0.5427926301022897,1.6135843634397102,0.78334806496633,66.26464347925125,72.1690634919816,0.6335195563131205,0.7141344509654244,1.08,0.6,1.13,0.77,0.5539906103286385,0.49494949494949486,0.4241573033707865,0.4705882352941177
2015,9,4.6548505579864585,0.5359032551022934,1.5127803384410936,0.7456702088760883,68.78516890617128,75.09368858265644,0.6574704326594142,0.7411383058962895,1.26,0.61,1.47,0.68,0.6384976525821596,0.505050505050505,0.5196629213483146,0.4427244582043344
2015,10,5.960519553970526,0.6346190642080299,1.6469293611625813,0.7958115358004462,68.62834235282503,77.5858554042576,0.6559802142522144,0.7641491565959614,1.27,0.86,1.54,1.73,0.6431924882629109,0.7575757575757575,0.5393258426966293,0.7678018575851394
2015,11,6.977864455962932,0.7115359745801608,1.567819251849487,0.7662422868143766,68.781445804691,75.51721135235408,0.6574350545028496,0.7450488062435988,1.38,0.72,1.8,1.01,0.6948356807511736,0.6161616161616161,0.6123595505617978,0.5448916408668731
2015,12,8.638602997434946,0.8370970083021342,1.544213334391039,0.7574190244407787,73.9658253658911,72.14091152997773,0.7066987645517051,0.7138745162816948,1.51,0.74,2.16,0.93,0.755868544600939,0.6363636363636364,0.7134831460674158,0.5201238390092879
2016,1,8.879708736741462,0.8553259378462114,1.4873252195256377,0.7361557643162633,74.85204888690848,71.8142873220149,0.7151199571095603,0.7108587065777914,1.62,0.79,2.48,0.75,0.807511737089202,0.6868686868686869,0.803370786516854,0.4643962848297214
2016,2,7.287201799427985,0.7349235913809694,1.437391677575348,0.7174919380682055,78.86151885656882,71.05598760547473,0.7532192829215033,0.7038571200821896,1.86,0.83,3.18,1.03,0.9201877934272301,0.7272727272727272,1.0,0.5510835913312694
2016,3,7.04768457627563,0.7168147624580434,1.543807163559269,0.757267208616483,77.17946834554081,69.99855125498732,0.7372358759034355,0.6940935240923197,1.82,0.85,3.13,0.94,0.9014084507042254,0.7474747474747474,0.9859550561797753,0.5232198142414861
2016,4,5.503760856558399,0.6000855763793348,1.5803665482564857,0.7709321315735617,79.22423476780584,65.88502131042097,0.7566659309283384,0.6561121889013506,1.47,0.81,2.35,0.95,0.7370892018779343,0.7070707070707071,0.7668539325842698,0.5263157894736843
2016,5,4.696747156553785,0.5390708700484037,1.6912380560490416,0.8123729442313237,83.66354809713722,63.487349397873146,0.7988497722328851,0.6339738352693943,1.14,0.79,1.53,1.09,0.5821596244131455,0.6868686868686869,0.5365168539325843,0.5696594427244583
2016,6,4.651675247586118,0.5356631840457733,1.918283707123353,0.8972365532708491,83.17889782725804,65.09590102108407,0.794244463133005,0.6488260277163834,1.17,0.53,1.49,-0.15,0.596244131455399,0.42424242424242414,0.5252808988764045,0.18575851393188855
2016,7,4.822078257293226,0.5485465955605054,1.839805193171845,0.8679033777862242,83.5550695612831,63.3255167607878,0.7978189728722757,0.6324795907356707,1.11,0.65,1.35,0.57,0.5680751173708921,0.5454545454545454,0.4859550561797753,0.4086687306501548
2016,8,4.909538485155911,0.5551590732900007,1.6492442067580426,0.7966767633468473,81.38308617465927,62.80118276338597,0.7771800596664689,0.6276382730412059,1.15,0.86,1.41,1.81,0.5868544600938966,0.7575757575757575,0.502808988764045,0.7925696594427245
2016,9,4.780654313535541,0.545414715936368,1.487904900841151,0.7363724337318389,80.1476790301805,64.71953581382368,0.7654408074301225,0.6453509459049437,1.31,0.61,1.82,0.68,0.6619718309859155,0.505050505050505,0.6179775280898877,0.4427244582043344
2016,10,6.237093737671108,0.6555296046326987,1.534005446331263,0.7536035881295121,82.31701439370153,65.62415612819487,0.7860545582339872,0.6537035500779307,1.06,0.68,1.37,1.0,0.5446009389671361,0.5757575757575758,0.4915730337078652,0.541795665634675
2016,11,7.717960477257728,0.7674913336970313,1.5295521108537158,0.7519390500989436,83.23400402273505,67.05475474133284,0.7947681006490912,0.6669126542248697,1.21,0.65,1.88,1.08,0.6150234741784038,0.5454545454545454,0.6348314606741573,0.5665634674922602
2016,12,9.531657183399789,0.9046168520097964,1.5713356249033574,0.7675566132798641,80.94103175798057,67.74671595572843,0.772979510622557,0.6733017193774948,1.16,0.64,1.76,0.94,0.5915492957746479,0.5353535353535354,0.601123595505618,0.5232198142414861
2017,1,9.70453685323667,0.9176875127502836,1.9006358871838052,0.8906402688467112,79.12882704500512,67.90626400538723,0.755759334808785,0.674774869697249,1.42,0.67,2.31,0.65,0.7136150234741784,0.5656565656565656,0.75561797752809,0.43343653250773995
2017,2,7.8110782690028575,0.7745315545972234,1.6263345080837903,0.7881137289865515,75.16762612862534,68.4234608979944,0.7181186776990611,0.6795502885716852,1.44,0.77,2.43,0.85,0.7230046948356808,0.6666666666666666,0.7893258426966293,0.4953560371517028
2017,3,7.66145054758165,0.7632188699656872,1.687799879128327,0.8110878453949106,74.08641862428746,68.73331994403027,0.7078446820612845,0.682411300998491,1.44,0.78,2.42,0.95,0.7230046948356808,0.6767676767676767,0.7865168539325843,0.5263157894736843
2017,4,5.890449037991202,0.6293213450306345,1.5526159630809606,0.7605597029460561,78.05182909717527,66.676064445788,0.7455253397860864,0.6634161042440788,1.22,0.69,1.83,0.58,0.6197183098591549,0.5858585858585857,0.6207865168539327,0.4117647058823529
2017,5,5.101473616467343,0.5696704324794281,1.69997041460983,0.8156368669683998,75.85282018346817,66.95514963867967,0.7246296209752056,0.6659929733567145,1.0,0.83,1.28,1.52,0.5164319248826291,0.7272727272727272,0.4662921348314607,0.7027863777089784
2017,6,4.89699817740861,0.5542109565548118,1.971489019632036,0.91712328009516,77.29272122171965,67.34840553684495,0.7383120426440091,0.6696240114882761,1.03,0.52,1.26,0.15,0.5305164319248826,0.4141414141414141,0.4606741573033708,0.2786377708978328
2017,7,5.168191666613838,0.5747146866682199,1.995717977179463,0.926179418237472,79.7395386116331,69.69525097033117,0.7615625205490818,0.6912930704842797,1.06,0.66,1.17,0.95,0.5446009389671361,0.5555555555555556,0.4353932584269663,0.5263157894736843
2017,8,5.119380512126442,0.5710242929900146,1.7998889275272325,0.8529837422593867,79.370816936924,71.9628305542702,0.7580588037673205,0.7122302464403103,1.1,0.66,1.25,1.0,0.5633802816901409,0.5555555555555556,0.4578651685393259,0.541795665634675
2017,9,4.97674086562092,0.560239945533915,1.4829407518097084,0.7345169672182769,78.15735859714513,72.65537738902715,0.7465281164205411,0.7186247187842139,1.11,0.63,1.41,1.0,0.5680751173708921,0.5252525252525252,0.502808988764045,0.541795665634675
2017,10,6.265541770021807,0.6576804334718632,1.5908536756747504,0.7748519401096873,80.26438070333356,72.77313356572857,0.7665497457940215,0.7197119934311412,1.12,0.72,1.47,1.51,0.5727699530516432,0.6161616161616161,0.5196629213483146,0.6996904024767803
2017,11,7.723844531961921,0.7679362008285427,1.5375743495760728,0.7549375489793868,79.29230378441342,73.70035918136992,0.7573127455100799,0.7282733184682535,1.25,0.53,1.8,0.76,0.6338028169014085,0.42424242424242414,0.6123595505617978,0.4674922600619196
2017,12,9.329095601501242,0.8893020742886771,1.5653357379384016,0.7653140155499975,80.84542552535338,73.76945634133985,0.7720710281961817,0.7289113112454857,1.46,0.47,2.42,0.53,0.7323943661971831,0.36363636363636354,0.7865168539325843,0.39628482972136225
2018,1,10.050482967354602,0.943842955413911,2.003853142769437,0.9292201261692586,81.95627873018546,73.45457985633728,0.7826267272038797,0.7260039714468697,1.18,0.51,1.82,0.56,0.6009389671361502,0.4040404040404039,0.6179775280898877,0.4055727554179567
2018,2,8.445257399973526,0.822479010058214,1.720575945748584,0.8233386649563237,78.68562488634302,73.06483101497288,0.751547879536343,0.7224053149198382,1.3,0.49,2.12,0.47,0.6572769953051644,0.38383838383838376,0.7022471910112361,0.3777089783281734
2018,3,8.213199479680208,0.8049341457537017,1.756725369346937,0.8368503553883537,75.4277705634986,72.92905691622994,0.7205906572019377,0.7211516759226506,1.16,0.6,1.77,0.85,0.5915492957746479,0.49494949494949486,0.603932584269663,0.4953560371517028
2018,4,6.332913654843532,0.6627741211841478,1.5888664381213826,0.7741091637120787,76.02918142299785,73.19439208317763,0.7263054645097086,0.7236015873246823,1.02,0.79,1.42,1.58,0.5258215962441315,0.6868686868686869,0.5056179775280899,0.7213622291021673
2018,5,5.548381912558002,0.6034591753999912,1.834664985159668,0.8659821051211756,75.19825654625438,74.07972283440174,0.7184097381808293,0.7317760857409471,1.02,0.67,1.34,1.01,0.5258215962441315,0.5656565656565656,0.4831460674157304,0.5448916408668731
2018,6,5.361808941527192,0.5893532252325168,2.084339750347405,0.9593038734953804,76.13535078024711,75.65785119607298,0.7273143212822227,0.7463473719809284,0.99,0.62,1.31,0.78,0.5117370892018779,0.5151515151515151,0.4747191011235956,0.4736842105263158
2018,7,5.668490506481801,0.6125400504657301,2.038107430900857,0.9420234655072168,78.86768798846717,76.4322765243246,0.7532779040779032,0.7534978506134115,0.99,0.71,1.27,1.21,0.5117370892018779,0.606060606060606,0.4634831460674158,0.6068111455108359
2018,8,5.628712295763412,0.6095325973762243,1.939350354333824,0.9051107041483653,77.77591270618339,77.86824668574309,0.742903489876547,0.7667565517192849,0.98,0.66,1.22,1.04,0.5070422535211268,0.5555555555555556,0.449438202247191,0.5541795665634676
2018,9,5.44269416284496,0.5954685960436787,1.6192333292344825,0.7854594977218875,76.29256669067784,79.64910223906392,0.7288082394907757,0.7831996729822586,1.03,0.63,1.24,0.9,0.5305164319248826,0.5252525252525252,0.4550561797752809,0.5108359133126936
2018,10,6.843206671810046,0.7013551001350117,1.6588108885164474,0.8002525338437027,78.51985307351895,81.08316670222516,0.7499726602791812,0.7964407782603985,1.32,0.72,1.88,1.2,0.6666666666666667,0.6161616161616161,0.6348314606741573,0.6037151702786379
2018,11,8.29238294898355,0.810920854685384,1.6259072573345883,0.7879540340513235,79.17539071269195,79.84727683914426,0.7562017983662187,0.7850294726952592,1.07,0.64,1.3,0.82,0.5492957746478874,0.5353535353535354,0.4719101123595506,0.48606811145510836
2018,12,9.906061354483231,0.9329238814290012,1.6261814276479565,0.7880565116023085,80.7933795735796,77.96775044407485,0.7715764701401727,0.7676752968478945,1.19,0.71,1.64,1.04,0.6056338028169014,0.606060606060606,0.5674157303370787,0.5541795665634676
2019,1,10.02458817472377,0.9418851656417402,2.0708678991390594,0.9542684548094283,81.75647080831634,78.20194091632109,0.7807280854450679,0.7698376408552999,1.17,0.69,1.72,0.89,0.596244131455399,0.5858585858585857,0.5898876404494382,0.5077399380804954
2019,2,8.29165070845624,0.8108654932451296,1.811699461886486,0.8573982050146477,84.18961285870978,78.52636655261053,0.8038486156962352,0.7728331505519606,1.08,0.75,1.52,1.05,0.5539906103286385,0.6464646464646464,0.5337078651685394,0.5572755417956656
2019,3,8.25612314389186,0.8081794125521544,1.8695571974205396,0.8790238834852172,85.26038900856955,77.47858598627712,0.8140234891118905,0.7631587090302548,1.52,0.78,2.57,1.09,0.7605633802816901,0.6767676767676767,0.8286516853932585,0.5696594427244583
2019,4,6.46902930163653,0.6730652181210054,1.704771113252742,0.8174312400859687,84.44389666135349,78.70275803587103,0.8062649055098344,0.7744618208523674,1.32,0.78,2.05,1.09,0.6666666666666667,0.6767676767676767,0.6825842696629214,0.5696594427244583
2019,5,5.744701506952223,0.61830202428707,1.877354286602659,0.8819382274722823,84.25839038099959,78.7787151681079,0.8045021627361397,0.7751631536100015,1.08,0.74,1.44,1.05,0.5539906103286385,0.6363636363636364,0.5112359550561798,0.5572755417956656
2019,6,5.419670401217642,0.5937278721200128,2.0526244526732067,0.9474495410751816,88.21048714033037,78.62900672371585,0.8420563090979899,0.7737808550284915,1.23,0.62,1.5,0.54,0.6244131455399061,0.5151515151515151,0.5280898876404495,0.39938080495356043
2019,7,5.740682532199282,0.6179981675318492,2.193218911191724,1.0,91.17246715112933,80.8581645699204,0.8702020346761394,0.7943632726822422,1.1,0.76,1.18,1.28,0.5633802816901409,0.6565656565656565,0.4382022471910113,0.628482972136223
2019,8,5.679219961109771,0.6133512566735217,2.005016105821133,0.9296548107416324,89.41043830069195,82.52279253032208,0.853458646704451,0.8097332331260187,1.18,0.71,1.29,1.26,0.6009389671361502,0.606060606060606,0.4691011235955057,0.6222910216718267
2019,9,5.465379671084561,0.5971837461374122,1.7370275026141857,0.829487818147886,87.86001522141788,83.76212109201491,0.8387260076048688,0.8211762891260302,1.29,0.62,1.61,1.06,0.6525821596244131,0.5151515151515151,0.5589887640449439,0.5603715170278638
2019,10,6.840881036768222,0.7011792692425386,1.7629945909925806,0.8391936232386765,85.99511044319027,82.7746113090679,0.8210050581298532,0.812058344057947,1.36,0.69,1.83,1.36,0.6854460093896714,0.5858585858585857,0.6207865168539327,0.6532507739938082
2019,11,8.299745490713503,0.8114775036264117,1.7500147664937995,0.8343421110143544,86.68683316389095,82.70429041170836,0.8275780389744339,0.8114090521822259,1.26,0.71,1.65,1.28,0.6384976525821596,0.606060606060606,0.5702247191011236,0.628482972136223
2019,12,9.900999081153104,0.932541145521788,1.756307277242387,0.8366940837102347,86.2140991117723,83.23463621344487,0.823085961764639,0.8163058784930409,1.45,0.8,2.22,1.35,0.7276995305164319,0.6969696969696969,0.7303370786516855,0.65015479876161
2020,1,9.028314264931774,0.8665613390068521,1.6790611060013094,0.8078215250640552,88.05870055413482,79.05271327249675,0.8406139821457725,0.7776930522578113,1.58,0.75,2.45,0.9,0.7887323943661972,0.6464646464646464,0.7949438202247192,0.5108359133126936
2020,2,7.4648596890812176,0.748355512009458,1.4076339375045337,0.7063692884718789,90.35482825776324,78.47262999377739,0.8624325562087624,0.772336986361945,1.68,0.75,2.76,0.91,0.8356807511737089,0.6464646464646464,0.8820224719101124,0.5139318885448917
2020,3,7.418279752365104,0.7448338107550299,1.4817858630466554,0.7340853005996557,86.93634378252389,80.54191146541187,0.8299489723957513,0.7914432221831836,1.55,0.73,2.44,0.68,0.7746478873239437,0.6262626262626262,0.7921348314606742,0.4427244582043344
2020,4,5.765794875747565,0.619896799818849,1.388198302687509,0.6991047665277562,88.4700726712022,80.72344030999537,0.8445229777079533,0.79311932713097,1.43,0.85,2.11,1.33,0.7183098591549296,0.7474747474747474,0.6994382022471911,0.6439628482972137
2020,5,4.9284403902993805,0.5565881620296557,1.6088411492580383,0.7815751780072558,91.7843430043699,80.1271374317725,0.8760162838575712,0.787613501283503,1.31,0.69,1.81,0.88,0.6619718309859155,0.5858585858585857,0.6151685393258428,0.5046439628482973
2020,6,4.702163237372771,0.5394803557617603,1.7012283096326557,0.8161070345797358,95.48846506572288,80.00716809187435,0.9112140916303149,0.7865057919018491,1.2,0.68,1.44,1.13,0.6103286384976526,0.5757575757575758,0.5112359550561798,0.5820433436532508
2020,7,5.004294533310089,0.5623231554501594,1.772905880808826,0.8428981990368185,94.49681514709812,81.43780543379933,0.9017911021511663,0.7997152536421593,1.19,0.64,1.34,1.1,0.6056338028169014,0.5353535353535354,0.4831460674157304,0.5727554179566564
2020,8,4.927083670430248,0.5564855864917335,1.60325315832833,0.7794865360300529,91.8828730649325,83.20195091125308,0.876952549475733,0.8160040862525335,1.19,0.63,1.34,1.05,0.6056338028169014,0.5252525252525252,0.4831460674157304,0.5572755417956656
2020,9,4.738530239281472,0.5422299025681939,1.3333083655969635,0.6785883719638647,88.90121230976446,83.7080824827566,0.8486198108765075,0.8206773360226974,1.28,0.73,1.65,1.81,0.647887323943662,0.6262626262626262,0.5702247191011236,0.7925696594427245
2020,10,6.1533660351818416,0.6491993264984899,1.4207016467589235,0.7112536496739517,88.8562470090982,84.77018830378955,0.8481925355375527,0.8304840464977771,1.27,0.55,1.71,1.09,0.6431924882629109,0.44444444444444436,0.5870786516853933,0.5696594427244583
2020,11,7.390828762674479,0.7427583638642803,1.4095865281530853,0.7070991147805038,93.47477832953768,84.4580966909126,0.8920793661863912,0.8276024201771451,1.57,0.57,2.48,1.26,0.784037558685446,0.4646464646464645,0.803370786516854,0.6222910216718267
2020,12,9.23056583095403,0.88185267781033,1.4717865910099586,0.7303478393940044,96.45866054459812,83.100847507654,0.9204332138411424,0.8150705711662712,1.25,0.4,1.88,0.48,0.6338028169014085,0.2929292929292929,0.6348314606741573,0.38080495356037153
2021,1,10.24968688859242,0.9589038753886596,2.006964664607311,0.9303831300476322,97.60067608767012,83.29087222816759,0.9312850278183123,0.8168251208356934,1.27,0.39,2.08,0.15,0.6431924882629109,0.28282828282828276,0.6910112359550563,0.2786377708978328
2021,2,8.472195166201866,0.8245156544121129,1.6926608702040666,0.8129047542158647,94.95433148915424,82.39777321296403,0.9061385755858561,0.8085788959358411,0.93,0.38,1.29,0.05,0.48356807511737093,0.27272727272727265,0.4691011235955057,0.24767801857585142
2021,3,8.470997739633331,0.8244251223301525,1.8159883151552865,0.8590012639823451,92.6614696039833,82.6993593386147,0.884351034423074,0.8113635222498939,1.19,0.58,1.93,0.85,0.6056338028169014,0.47474747474747464,0.6488764044943821,0.4953560371517028
2021,4,6.789766000741677,0.6973146893571701,1.6275408155955389,0.7885646145620914,95.0973351784501,83.57354020833043,0.9074974445116792,0.8194350707927857,1.16,0.45,1.78,0.12,0.5915492957746479,0.34343434343434337,0.6067415730337079,0.2693498452012384
2021,5,5.946882854329521,0.6335880541719993,1.8435362166991047,0.869297934873913,95.89695011119773,83.92541726529868,0.9150956532717831,0.8226840468855394,1.09,0.55,1.57,0.57,0.5586854460093897,0.44444444444444436,0.5477528089887641,0.4086687306501548
2021,6,5.645171371312172,0.6107769946659859,2.0343356320624,0.9406136676956842,96.3306084360198,84.86845534039196,0.9192164198403022,0.831391372639975,1.21,0.49,1.71,0.17,0.6150234741784038,0.38383838383838376,0.5870786516853933,0.2848297213622291
2021,7,5.991250602653066,0.636942501729098,2.0811970037084406,0.958129198619128,97.45742229146174,87.6417265253198,0.9299237822928836,0.8569977359993415,1.15,0.68,1.48,1.03,0.5868544600938966,0.5757575757575758,0.5224719101123596,0.5510835913312694
2021,8,6.021239429726796,0.6392098231848581,1.7979593445138238,0.852262515591162,96.02613955973376,88.85486213037842,0.9163232546576233,0.8681989453423521,1.11,0.66,1.43,1.07,0.5680751173708921,0.5555555555555556,0.5084269662921349,0.563467492260062
2021,9,5.705639157126944,0.6153486942467351,1.5475849933140426,0.7586792606236896,92.8938399674834,89.27017998087916,0.8865590954024607,0.8720336874502826,1.15,0.74,1.46,1.64,0.5868544600938966,0.6363636363636364,0.5168539325842697,0.739938080495356
2021,10,7.136119034252326,0.7235008973810966,1.7043492453301536,0.8172735571077683,94.41415934880482,90.28027367436208,0.9010056790869577,0.8813601558760529,1.33,0.65,1.97,1.15,0.6713615023474179,0.5454545454545454,0.6601123595505619,0.5882352941176471
2021,11,8.577871411058142,0.8325053639375205,1.6613891508860497,0.801216219554924,96.99125011185548,89.74345113599513,0.9254940581922722,0.87640352810318,1.38,0.5,2.08,0.38,0.6948356807511736,0.39393939393939387,0.6910112359550563,0.34984520123839014
2021,12,10.184876709082475,0.9540038667890144,1.65782664418249,0.7998846495615721,96.9020551771356,88.36265897988633,0.9246464980647784,0.8636543004527276,1.23,0.56,1.85,0.79,0.6244131455399061,0.45454545454545453,0.6264044943820226,0.476780185758514
2022,1,10.296254734295353,0.9624246624955108,1.9338600023093997,0.9030585569899172,96.3514727213832,88.81601063809772,0.9194146792640936,0.8678402190000456,1.28,0.57,1.96,0.5,0.647887323943662,0.4646464646464645,0.6573033707865169,0.38699690402476783
2022,2,8.615271551776504,0.8353330217612392,1.662957735030702,0.8018025144738864,95.46765021069476,88.61886552303964,0.9110163019101161,0.866019924800857,1.21,0.59,1.85,0.69,0.6150234741784038,0.4848484848484847,0.6264044943820226,0.44582043343653255
2022,3,8.50841811989068,0.8272543103751396,1.7890982384328624,0.8489504704647555,92.79678887179617,90.53295442768125,0.8856368834036246,0.8836932256524864,1.47,0.67,2.47,0.99,0.7370892018779343,0.5656565656565656,0.8005617977528091,0.5386996904024768
2022,4,6.696948602142482,0.6902971798428974,1.633101408389488,0.7906430158468587,88.93404331728382,92.3984608745193,0.8489317821000557,0.9009179515237209,1.17,0.6,1.8,0.68,0.596244131455399,0.49494949494949486,0.6123595505617978,0.4427244582043344
2022,5,5.867115672482983,0.6275572133384612,1.9010230415174532,0.890784976811181,90.04189419567658,92.13357773437312,0.8594589519969057,0.8984722138074761,1.05,0.62,1.44,0.78,0.539906103286385,0.5151515151515151,0.5112359550561798,0.4736842105263158
2022,6,5.662733895347939,0.6121048187741344,2.0757927024649105,0.9561092149475946,93.4986955470232,94.03726517601372,0.8923066355931684,0.9160494751363498,1.18,0.68,1.59,1.05,0.6009389671361502,0.5757575757575758,0.553370786516854,0.5572755417956656
2022,7,6.005546382829168,0.6380233419046879,1.919520763110531,0.8976989318064393,93.38965578058703,96.06868702226332,0.8912705032316978,0.9348061427907522,1.13,0.69,1.39,1.38,0.5774647887323944,0.5858585858585857,0.4971910112359551,0.6594427244582044
2022,8,5.990457149573311,0.6368825122807797,1.8534447202731363,0.8730014692490249,90.57563473273856,97.69902514895914,0.8645307332484033,0.9498594959203303,1.25,0.61,1.54,0.99,0.6338028169014085,0.505050505050505,0.5393258426966293,0.5386996904024768
2022,9,5.770677682314355,0.6202659670445625,1.6332854734805389,0.7907118144688576,90.000171450279,97.21188740221316,0.8590624885035514,0.9453616212743046,1.2,0.57,1.49,0.81,0.6103286384976526,0.4646464646464645,0.5252808988764045,0.48297213622291024
2022,10,7.040788852455341,0.7162934075370158,1.6821754254084813,0.8089855745992208,95.45428150734418,96.04878521120324,0.9108892680157382,0.9346223839833613,1.34,0.58,1.91,0.98,0.6760563380281691,0.47474747474747464,0.6432584269662922,0.5356037151702786
2022,11,8.474084701126715,0.8246585137198806,1.6788726331106862,0.8077510789241326,97.92476925755116,95.10021305064832,0.9343646696079151,0.9258639605202118,1.11,0.4,1.43,-0.11,0.5680751173708921,0.2929292929292929,0.5084269662921349,0.19814241486068113
2022,12,10.34445734200145,0.966069046665886,1.7246265448617266,0.8248526708749002,100.62442326296213,95.55937968123152,0.9600176856698815,0.9301035702810998,1.12,0.53,1.54,0.33,0.5727699530516432,0.42424242424242414,0.5393258426966293,0.3343653250773994
2023,1,10.65231275720164,0.9893446214804388,1.931709437163637,0.902254733094236,103.7876794570425,94.56110667229446,0.9900760049182795,0.9208862454346818,1.29,0.5,1.97,0.1,0.6525821596244131,0.39393939393939387,0.6601123595505619,0.26315789473684215
2023,2,9.003488254834755,0.8646843551149681,1.6657207667703973,0.8028352620478293,99.42715036927116,95.1522292658961,0.9486407978498678,0.9263442403123404,1.37,0.68,2.24,0.65,0.6901408450704226,0.5757575757575758,0.7359550561797754,0.43343653250773995
2023,3,8.91625244387408,0.8580888445464663,1.7834728711487506,0.8468478582031079,95.30114468986524,95.13642590010376,0.9094341107138796,0.9261983235592371,1.6,0.85,2.62,1.21,0.7981220657276996,0.7474747474747474,0.8426966292134833,0.6068111455108359
2023,4,7.100765075573369,0.7208279422547832,1.6351721294314614,0.7914169961459945,95.08555505822336,93.77870398632842,0.9073855058659185,0.9136621096995708,1.06,0.93,1.28,1.37,0.5446009389671361,0.8282828282828283,0.4662921348314607,0.6563467492260062
2023,5,6.270364060097352,0.6580450253155955,1.9030066204415523,0.8915263857107448,99.34061579981338,95.16342146265616,0.9478185174036452,0.9264475808938838,1.16,0.79,1.47,0.73,0.5915492957746479,0.6868686868686869,0.5196629213483146,0.4582043343653251
2023,6,6.071667063743805,0.6430224316703074,2.063373826694899,0.9514673703975232,103.8600315335863,98.84665112767846,0.9907635185692786,0.9604558371549867,1.27,0.89,1.48,1.28,0.6431924882629109,0.7878787878787878,0.5224719101123596,0.628482972136223
2023,7,6.419113345977012,0.6692912953539248,1.92111762029768,0.8982957944346419,104.83205384979732,101.03290042233868,1.0,0.9806420685403191,1.52,0.87,1.79,1.15,0.7605633802816901,0.7676767676767676,0.6095505617977529,0.5882352941176471
2023,8,6.431769411496353,0.6702481640179428,1.8558983448169173,0.8739185686650585,104.58140819334416,103.00768194853164,0.997618281069364,0.9988757607915069,1.63,0.91,1.96,1.36,0.812206572769953,0.8080808080808081,0.6573033707865169,0.6532507739938082
2023,9,6.183781745351245,0.6514989226810854,1.6393953828741492,0.7929955356482454,100.6984383592348,103.1294415345425,0.9607210018910363,1.0,1.78,1.1,2.26,2.48,0.8826291079812207,0.9999999999999999,0.7415730337078652,1.0
