time,msl,cycle
1993-01-05 06:22:41.870848512,-0.003870140409490313,11.0
1993-01-15 04:21:13.883877120,-0.0051219411823754295,12.0
1993-01-25 02:19:45.383002368,-0.006050595906862737,13.0
1993-02-04 00:18:16.482287872,-0.005764451613445842,14.0
1993-02-13 22:16:48.149439488,-0.003531011274968055,15.0
1993-02-23 20:15:19.914315008,-0.0003666447924428039,16.0
1993-03-05 18:13:51.115559936,0.0014634096371532348,17.0
1993-03-15 16:12:22.305324032,0.0010446309288816113,18.0
1993-03-25 13:28:47.942653952,-0.00042282527478312387,19.0
1993-04-04 14:28:58.847051520,-0.0009734040338625722,20.0
1993-04-14 10:07:56.867611904,0.00015276801373113408,21.0
1993-04-24 08:06:29.264633088,0.0019222588762515488,22.0
1993-05-04 06:05:01.114076928,0.0027254857827013743,23.0
1993-05-14 04:03:32.820661504,0.0021018348184443612,24.0
1993-05-24 02:02:04.088698880,0.0010577111309429629,25.0
1993-06-03 00:00:35.470187264,0.000778701996198918,26.0
1993-06-12 21:59:07.181404928,0.001480145264359251,27.0
1993-06-22 19:57:38.075990016,0.002571061776520849,28.0
1993-07-02 17:56:08.664158464,0.0032403805185280527,29.0
1993-07-12 15:54:38.954869504,0.0029588023760465307,30.0
1993-07-22 13:37:03.980056320,0.0019466072328465174,31.0
1993-08-01 11:09:11.946713600,0.0010188825047768814,32.0
1993-08-11 09:50:11.786092032,0.0007270675753481765,33.0
1993-08-21 07:48:43.671546368,0.0007509970483367329,34.0
1993-08-31 05:47:15.463457024,0.0003696984270066641,35.0
1993-09-10 03:45:47.595532032,-0.00040609783093357955,36.0
1993-09-20 01:44:18.749274880,-0.0007422425723845271,37.0
1993-09-29 23:42:49.806007552,-0.00015009373623383604,38.0
1993-10-09 21:41:21.275804416,0.0007415461165199476,39.0
1993-10-19 19:39:46.326663424,0.0008756394437565182,40.0
1993-10-29 17:20:31.099064064,-9.941962691734985e-05,41.0
1993-11-08 16:33:52.246164992,-0.0014908947227517085,42.0
1993-11-18 13:35:28.147938048,-0.0021129947974242746,43.0
1993-11-28 11:33:59.860051968,-0.0012363300384353251,44.0
1993-12-08 09:32:30.870787584,0.0007235226923021914,45.0
1993-12-18 07:31:02.239722496,0.0025299110262408265,46.0
1993-12-28 05:29:33.314350080,0.0031827394174215144,47.0
1994-01-07 03:28:04.218009600,0.0026870543023492645,48.0
1994-01-17 01:26:34.980603904,0.001738546452529769,49.0
1994-01-26 22:35:24.935854336,0.000879719321260527,50.0
1994-02-05 20:55:20.434629632,0.0003010640549747619,51.0
1994-02-15 19:22:08.508947968,0.00011398743363888822,52.0
1994-02-25 17:20:40.916931584,0.0004866332664707014,53.0
1994-03-07 15:19:12.567462912,0.00136260739863646,54.0
1994-03-17 13:01:38.929472512,0.002474222580887288,55.0
1994-03-27 11:16:16.375096064,0.003602341173827273,56.0
1994-04-06 09:14:47.678664448,0.004452975659154184,57.0
1994-04-16 07:13:18.940588032,0.004518917253730353,58.0
1994-04-26 05:11:50.073664768,0.0034645113707945387,59.0
1994-05-06 03:10:21.430698496,0.001753182010279073,60.0
1994-05-16 00:40:35.852691456,0.0005230373484773803,61.0
1994-05-25 23:07:23.676452096,0.00042441203154919044,62.0
1994-06-04 21:05:55.922028032,0.0009884494357152304,63.0
1994-06-14 19:04:05.238721024,0.0012652664429976068,64.0
1994-06-24 16:47:40.570584832,0.0008429264847324006,65.0
1994-07-04 15:01:30.560062464,0.00016649042589024466,66.0
1994-07-14 13:00:01.635949568,-0.00012825615240794644,67.0
1994-07-24 10:58:33.333528832,4.7749917581486575e-05,68.0
1994-08-03 08:57:04.291867904,0.000215408894312931,69.0
1994-08-13 06:55:35.362969344,3.3570771465892815e-05,70.0
1994-08-23 04:54:06.668723456,-0.00033171585926099895,71.0
1994-09-02 02:52:37.694073856,-0.0005887572607613145,72.0
1994-09-12 00:51:08.984873984,-0.0006687895196925325,73.0
1994-09-21 22:49:39.772029952,-0.0006481556712923944,74.0
1994-10-01 19:40:56.976791040,-0.00040155743225337305,75.0
1994-10-11 18:46:41.767812608,0.0005651948388967238,76.0
1994-10-21 16:45:14.088849408,0.0021660884715468676,77.0
1994-10-31 14:43:46.208723968,0.0031541988263863734,78.0
1994-11-10 12:26:12.652496896,0.002356939944920823,79.0
1994-11-20 10:40:50.809026560,0.00031611278461292044,80.0
1994-11-30 08:39:22.335777280,-0.0010898297210771486,81.0
1994-12-10 06:37:54.006755840,-0.0007083803034810746,82.0
1994-12-20 04:36:25.769936896,0.0007671541282279853,83.0
1994-12-30 02:34:57.122641408,0.0020197013887818848,84.0
1995-01-09 00:33:28.597893120,0.0026088913796161193,85.0
1995-01-18 22:32:00.064000000,0.0028727421581654423,86.0
1995-01-28 20:30:31.673387008,0.002857447710024746,87.0
1995-02-07 18:29:03.351789824,0.0026148600179261533,88.0
1995-02-17 16:27:35.165456896,0.0028017673789177034,89.0
1995-02-27 14:25:25.220445696,0.0038494122342201758,90.0
1995-03-09 12:09:49.833812992,0.005153066540513705,91.0
1995-03-19 10:23:09.347090688,0.00569746127084219,92.0
1995-03-29 08:21:40.555463424,0.005251887997788101,93.0
1995-04-08 06:20:11.482354944,0.004489496311758296,94.0
1995-04-18 04:18:42.762680576,0.003968731684767281,95.0
1995-04-28 02:15:58.779111936,0.003634406758621512,96.0
1995-05-07 23:51:31.317636096,0.0034520387653868964,97.0
1995-05-17 22:14:15.904011520,0.003589514141224665,98.0
1995-05-27 21:09:00.195621632,0.003984167710360808,99.0
1995-06-06 18:11:19.357062400,0.004384138800054927,100.0
1995-06-16 16:09:51.702661888,0.004596108929024912,101.0
1995-06-26 14:08:03.674556928,0.0044807908260264435,102.0
1995-07-06 11:39:26.201586432,0.0038574290338920653,103.0
1995-07-16 10:05:27.223504128,0.0027432882325039865,104.0
1995-07-26 08:03:58.740860416,0.0015619745728323183,105.0
1995-08-05 06:02:30.110331648,0.0008230683027737483,106.0
1995-08-15 04:01:01.609366784,0.0007839584044629776,107.0
1995-08-25 01:59:33.002483968,0.0014910570596114287,108.0
1995-09-03 23:58:04.116474624,0.002794372322910821,109.0
1995-09-13 21:56:35.443600384,0.004311276505065602,110.0
1995-09-23 19:55:06.698322432,0.005319581158583065,111.0
1995-10-03 17:53:38.205070336,0.005279568307175338,112.0
1995-10-13 15:51:25.620830464,0.004395281496504307,113.0
1995-10-23 13:26:26.654272256,0.00345049394091646,114.0
1995-11-02 11:49:13.362522880,0.0030959501936211006,115.0
1995-11-12 09:47:44.758592512,0.0034628017908891356,116.0
1995-11-21 20:23:25.376661760,0.0042737872667356425,117.0
1995-12-12 03:43:18.204210944,0.0055103745779733065,119.0
1995-12-22 01:25:49.131936768,0.004878547105331961,120.0
1996-01-01 01:08:54.265534464,0.003560189035379536,121.0
1996-01-10 20:31:47.452013312,0.002363422782889108,122.0
1996-01-20 19:37:22.751748608,0.0023267928543557496,123.0
1996-01-30 17:35:55.098882816,0.003735205503430087,124.0
1996-02-09 15:34:27.002195712,0.005627250449116581,125.0
1996-02-19 13:07:21.160096256,0.0065880258253669674,126.0
1996-02-29 11:31:31.517934080,0.0062404761739393725,127.0
1996-03-10 09:30:03.052507136,0.00544651741535865,128.0
1996-03-20 07:28:34.373074432,0.005184922092243895,129.0
1996-03-30 05:27:06.049049856,0.005637354843761344,130.0
1996-04-09 03:25:37.945307392,0.006366468729087433,131.0
1996-04-19 01:24:09.385157888,0.007023297325918862,132.0
1996-04-28 23:22:40.935805440,0.0076716306612537285,133.0
1996-05-08 21:21:12.418093824,0.008326429635274381,134.0
1996-05-18 19:19:43.880032512,0.008660778877397574,135.0
1996-05-28 17:18:15.857402112,0.008495550213564903,136.0
1996-06-07 15:16:23.066002176,0.00806603664503568,137.0
1996-06-17 12:50:08.067901952,0.007811123260662833,138.0
1996-06-27 11:13:50.300516864,0.008012842453867125,139.0
1996-07-07 09:12:21.437041664,0.008556482518204603,140.0
1996-07-17 07:10:52.637389824,0.008989699995318106,141.0
1996-07-27 05:09:23.407547904,0.008817182615558677,142.0
1996-08-06 03:07:54.258390528,0.007873942778443938,143.0
1996-08-16 01:06:25.633913088,0.006540319600250097,144.0
1996-08-25 23:04:57.106566144,0.005582517023733716,145.0
1996-09-04 21:03:28.684580608,0.0056145783328899745,146.0
1996-09-14 15:16:14.710633472,0.0064625184826305904,147.0
1996-09-24 22:43:06.057653504,0.007462373725954336,148.0
1996-10-04 14:58:33.451431680,0.008643253607125496,149.0
1996-10-14 12:32:37.990874880,0.010145449514949542,150.0
1996-10-24 10:56:06.390705408,0.011654320610415941,151.0
1996-11-03 08:54:38.217524480,0.012190553546795541,152.0
1996-11-13 06:53:09.739651584,0.011131775082364107,153.0
1996-11-23 04:51:40.865290496,0.0089947969515985,154.0
1996-12-03 02:50:12.312324096,0.0070122165184890155,155.0
1996-12-13 00:48:43.697992704,0.0060603431697654146,156.0
1996-12-22 22:47:15.280023552,0.006092601764099982,157.0
1997-01-01 20:45:46.732789504,0.006568704221776597,158.0
1997-01-11 18:44:18.465099776,0.006815027131266638,159.0
1997-01-21 16:42:50.615348480,0.00646459400547251,160.0
1997-01-31 14:41:20.116495360,0.005846431229538964,161.0
1997-02-10 12:14:34.734802688,0.005702579728908573,162.0
1997-02-20 10:38:26.045530112,0.006394721924870253,163.0
1997-03-02 08:36:57.234174720,0.007542063256176169,164.0
1997-03-12 06:35:28.606124288,0.00851334175831272,165.0
1997-03-22 04:34:00.622101760,0.008927819570228252,166.0
1997-04-01 02:32:32.545039872,0.008802034868526333,167.0
1997-04-11 00:31:03.985780736,0.008542277294637718,168.0
1997-04-20 22:29:35.518411264,0.008611307668399681,169.0
1997-04-30 20:28:07.439025664,0.009272533316407783,170.0
1997-05-10 18:26:39.146086144,0.01034044199012977,171.0
1997-05-20 16:25:10.905482752,0.011243940171202242,172.0
1997-05-30 14:23:40.688185600,0.011620296642801264,173.0
1997-06-09 12:06:08.693832192,0.011678347575484483,174.0
1997-06-19 10:20:46.386063872,0.011954469382612689,175.0
1997-06-29 08:19:17.192148480,0.012665692447566794,176.0
1997-07-09 06:17:47.776208384,0.013434019784992856,177.0
1997-07-19 04:16:18.924807936,0.01370753796570269,178.0
1997-07-29 02:14:23.445115904,0.013378881579323307,179.0
1997-08-07 23:57:17.136608000,0.013066596034929177,180.0
1997-08-17 22:11:53.284716032,0.013509627510497146,181.0
1997-08-27 20:10:24.582459392,0.014782895234898365,182.0
1997-09-06 18:08:56.247114752,0.016334673706425704,183.0
1997-09-16 16:07:28.412487168,0.017422593512579024,184.0
1997-09-26 14:05:47.783395328,0.017680214202084384,185.0
1997-10-06 11:48:45.580349184,0.017317270289723977,186.0
1997-10-16 10:03:03.775555328,0.016728929442435175,187.0
1997-10-26 08:01:34.857969152,0.016068311983890922,188.0
1997-11-05 06:00:05.861542400,0.015128416645468212,189.0
1997-11-15 03:58:36.773240832,0.013744587016460228,190.0
1997-11-25 01:57:07.936176896,0.012279757722519446,191.0
1997-12-04 23:55:39.054390016,0.011447653584949634,192.0
1997-12-14 21:54:10.169343488,0.011631034604986257,193.0
1997-12-24 19:52:41.749263872,0.012376480499445189,194.0
1998-01-03 17:51:13.266391552,0.012932438209006166,195.0
1998-01-13 15:49:42.738782976,0.013072345671660955,196.0
1998-01-23 13:22:46.783567616,0.013203751814407161,197.0
1998-02-02 11:46:49.252566528,0.013801777637908044,198.0
1998-02-12 09:45:20.832349696,0.014832837021095679,199.0
1998-02-22 07:43:53.027047936,0.015796966561011594,200.0
1998-03-04 05:42:25.010855424,0.01625723919253093,201.0
1998-03-14 03:40:56.820814080,0.016234633868850847,202.0
1998-03-24 01:39:28.522749184,0.016183761671683134,203.0
1998-04-02 23:37:59.583779584,0.016532168104884826,204.0
1998-04-12 21:36:30.674081024,0.01728428493832876,205.0
1998-04-22 19:35:02.296401408,0.017927341195602367,206.0
1998-05-02 17:33:34.032968960,0.01779272466770719,207.0
1998-05-12 15:32:03.569765888,0.0167144966622242,208.0
1998-05-22 13:01:18.275892224,0.015304669130664311,209.0
1998-06-01 11:29:09.617462528,0.014517249605018405,210.0
1998-06-11 09:27:40.618086144,0.0147524005424881,211.0
1998-06-21 07:26:11.575160320,0.015471677649703251,212.0
1998-07-01 05:24:42.586721024,0.015824571070532215,213.0
1998-07-11 03:23:13.561904640,0.01546040631357962,214.0
1998-07-21 01:21:37.827176192,0.014650035058575933,215.0
1998-07-30 16:06:09.728608256,0.013998191362663486,216.0
1998-08-09 21:18:48.016028416,0.013738511135605255,217.0
1998-08-19 19:17:20.009715712,0.013902576769568457,218.0
1998-08-29 17:15:52.200539648,0.014124724034795316,219.0
1998-09-08 15:14:23.678751488,0.014058566848353465,220.0
1998-09-18 13:12:55.130281984,0.013534557456375433,221.0
1998-09-28 11:11:26.771492096,0.012926189400663105,222.0
1998-10-08 09:09:56.189671936,0.012977342793100862,223.0
1998-10-18 06:43:31.360253952,0.01392117070872945,224.0
1998-10-28 05:48:25.782525952,0.014962931725191649,225.0
1998-11-07 03:05:31.204462848,0.01521882192339749,226.0
1998-11-17 01:04:02.175242240,0.014746201798112892,227.0
1998-11-26 21:38:14.312545536,0.014422672260248386,228.0
1998-12-06 21:01:05.088017664,0.014916762308403555,229.0
1998-12-16 18:59:36.855678720,0.0158918995548774,230.0
1998-12-26 16:58:08.764662016,0.016405036575541113,231.0
1999-01-05 14:56:40.171322624,0.016036779601985247,232.0
1999-01-15 12:55:09.399429888,0.015178964532010142,233.0
1999-01-25 10:29:24.241733120,0.014574731680775546,234.0
1999-02-04 08:52:14.520122368,0.014642223795735512,235.0
1999-02-15 14:42:07.810699520,0.015312260740006002,236.0
1999-02-24 04:49:17.979090176,0.01587809060299725,237.0
1999-03-06 02:47:49.516285440,0.01622442858713862,238.0
1999-03-16 00:46:20.911418880,0.01639164902243692,239.0
1999-03-25 22:44:52.304297984,0.016904147572748947,240.0
1999-04-04 20:43:23.853810432,0.017922932757725888,241.0
1999-04-14 18:41:52.688203520,0.018838239367618716,242.0
1999-04-24 16:24:19.977576704,0.018741727471127283,243.0
1999-05-04 14:38:58.179742976,0.017489913478466103,244.0
1999-05-14 12:37:29.398750720,0.015843935694475394,245.0
1999-05-24 10:36:00.068518912,0.014688943553078834,246.0
1999-06-03 08:34:31.094124544,0.014371134486911415,247.0
1999-06-13 07:01:36.709112320,0.014644883977297947,248.0
1999-06-23 04:31:35.192067584,0.01520075288533757,249.0
1999-07-03 02:30:07.277652480,0.015969125876762857,250.0
1999-07-13 00:28:38.894089472,0.016760192908609563,251.0
1999-07-22 22:27:10.672655104,0.017279060793956937,252.0
1999-08-01 20:25:42.056707584,0.017312444376314073,253.0
1999-08-11 18:24:13.745481728,0.016848370702055904,254.0
1999-08-21 16:21:39.944212480,0.016006302583430502,255.0
1999-08-31 13:56:06.271504640,0.01514550231264123,256.0
1999-09-10 12:19:48.167905280,0.014963364774022242,257.0
1999-09-20 10:18:19.314437120,0.015996111424629575,258.0
1999-09-30 08:16:50.106339840,0.017885067498565586,259.0
1999-10-10 06:15:20.585193472,0.019384491754816602,260.0
1999-10-20 04:13:52.062477056,0.019329480817005147,261.0
1999-10-30 02:12:23.936344832,0.017914675082742654,262.0
1999-11-09 00:10:55.514972416,0.01671625788568703,263.0
1999-11-18 22:09:26.887654400,0.01723257667930206,264.0
1999-11-28 20:07:57.689292032,0.019432509703574373,265.0
1999-12-08 17:36:40.880294912,0.021704647921668815,266.0
1999-12-18 16:05:00.724942080,0.022599453666560226,267.0
1999-12-28 14:03:31.873908480,0.022200081184014155,268.0
2000-01-07 11:33:46.920598784,0.0216056345037194,269.0
2000-01-17 10:29:09.038434048,0.02151609470931649,270.0
2000-01-27 07:59:07.330887424,0.021654126617163552,271.0
2000-02-06 05:57:39.540716032,0.021423814830881877,272.0
2000-02-16 03:56:11.274465792,0.02082958261734361,273.0
2000-02-26 01:54:42.629126912,0.020421522037951122,274.0
2000-03-06 23:53:13.634258944,0.020434767519630265,275.0
2000-03-16 21:51:44.711081728,0.020592378956660717,276.0
2000-03-26 19:50:15.631414272,0.020525943849206897,277.0
2000-04-05 17:23:48.872776448,0.020098382888428697,278.0
2000-04-15 15:47:16.862577408,0.019326490180471154,279.0
2000-04-25 14:42:01.332480512,0.018457697961542875,280.0
2000-05-05 11:44:20.487246080,0.017934313500070485,281.0
2000-05-15 09:42:51.943751936,0.017969454113928883,282.0
2000-05-25 07:41:23.737150464,0.018294738715416134,283.0
2000-06-04 05:39:55.112632064,0.018456203196606555,284.0
2000-06-14 03:38:26.158721792,0.018405842395462238,285.0
2000-06-24 01:36:57.259154944,0.01883384772934773,286.0
2000-07-03 23:35:28.056053248,0.020119392054348165,287.0
2000-07-13 22:30:07.637986560,0.02159604384130945,288.0
2000-07-23 19:07:35.353549312,0.022236742837569656,289.0
2000-08-02 17:31:03.650576128,0.021534355881587777,290.0
2000-08-12 15:29:35.662152960,0.019833463646832986,291.0
2000-08-22 13:28:07.763753216,0.018033323318912775,292.0
2000-09-01 11:26:39.288225024,0.01722251452097664,293.0
2000-09-11 09:25:10.035254016,0.01800392089510568,294.0
2000-09-21 06:55:24.304124928,0.019946343583925795,295.0
2000-10-01 05:22:11.777966848,0.022056118489187856,296.0
2000-10-11 03:20:43.778043648,0.023446994017726725,297.0
2000-10-21 01:19:07.467949568,0.023914387270426253,298.0
2000-10-30 23:01:52.023860224,0.023807450999446794,299.0
2000-11-09 21:16:18.151762432,0.023362481932451523,300.0
2000-11-19 12:30:08.520324608,0.022634891134545723,301.0
2000-11-30 00:43:03.572526080,0.02189060525672058,302.0
2000-12-09 15:11:52.091774976,0.02136546531908083,303.0
2000-12-19 13:10:23.623848960,0.021879520134228413,304.0
2000-12-29 11:08:54.593337344,0.02364922411793815,305.0
2001-01-08 08:38:22.087517952,0.025875559276558522,306.0
2001-01-18 07:25:42.696880128,0.026889290877161538,307.0
2001-01-28 05:04:29.226144512,0.025779993912866728,308.0
2001-02-07 03:03:01.019930112,0.023657906352674184,309.0
2001-02-17 01:01:32.559422208,0.022450803431875395,310.0
2001-02-26 23:00:04.077302528,0.022935454416504186,311.0
2001-03-08 20:58:35.298902272,0.02426857521203783,312.0
2001-03-18 18:57:06.756856320,0.02519518470810398,313.0
2001-03-28 16:55:38.138107136,0.025244649425799928,314.0
2001-04-07 14:54:09.564613376,0.024657187601424782,315.0
2001-04-17 12:52:40.443002880,0.02401129298404941,316.0
2001-04-27 10:51:10.505198848,0.023799980555663527,317.0
2001-05-07 09:18:16.785425408,0.02398934965144399,318.0
2001-05-17 06:48:13.445337856,0.024073504513350084,319.0
2001-05-27 04:46:45.698639360,0.023750438910356712,320.0
2001-06-06 02:45:17.588508416,0.023519906539266118,321.0
2001-06-16 00:43:48.826058752,0.024162479389704398,322.0
2001-06-25 22:42:20.229086976,0.02566993491456093,323.0
2001-07-05 20:40:51.547006464,0.02715992231341726,324.0
2001-07-15 18:39:23.130077184,0.0276698080534476,325.0
2001-07-25 16:37:55.014037248,0.026884325000367283,326.0
2001-08-04 14:36:26.696250880,0.02525780988212685,327.0
2001-08-14 12:34:58.256976640,0.023852033206823994,328.0
2001-08-24 10:33:29.170178048,0.023795693890483423,329.0
2001-09-03 08:31:59.659936512,0.025436019243599884,330.0
2001-09-13 05:42:46.927881984,0.02762276169885204,331.0
2001-09-23 04:29:01.384271616,0.028417374719251293,332.0
2001-10-03 02:27:33.008699392,0.027109567293542518,333.0
2001-10-13 00:26:04.690529536,0.025111294977157264,334.0
2001-10-22 22:24:36.378263552,0.024431302452000883,335.0
2001-11-01 20:23:07.575997184,0.025515044026220568,336.0
2001-11-11 18:21:38.800341760,0.026912776544806928,337.0
2001-11-21 15:51:06.983644160,0.02706082574209172,338.0
2001-12-01 14:18:41.826288384,0.026033252419626302,339.0
2001-12-11 12:17:13.847782912,0.02508927490454098,340.0
2001-12-21 10:15:45.974489344,0.025012075586711265,341.0
2001-12-31 08:14:17.288992000,0.0254201217213796,342.0
2002-01-10 06:12:48.229926400,0.02557848837371251,343.0
2002-01-20 04:11:18.819194624,0.025412941843001077,344.0
2002-01-30 01:40:35.909917696,0.025489728126126092,345.0
2002-02-09 00:36:54.252535296,0.0262338836483912,346.0
2002-02-18 22:06:52.963812352,0.02734048380109949,347.0
2002-02-28 20:05:25.247845888,0.0280696184711585,348.0
2002-03-10 18:03:57.226473728,0.027968964156832282,349.0
2002-03-20 16:02:28.705423616,0.027125884705463225,350.0
2002-03-30 14:01:00.077524736,0.026090798756837497,351.0
2002-04-09 11:59:31.056878592,0.025438300717148865,352.0
2002-04-19 09:58:01.411304192,0.025338774815467015,353.0
2002-04-29 07:56:31.710519040,0.02559818375616841,354.0
2002-05-09 05:53:52.298475008,0.02589860540098913,355.0
2002-05-19 03:52:23.769098240,0.02604744551730696,356.0
2002-05-29 01:50:56.035463936,0.026165351490203048,357.0
2002-06-07 23:49:27.786861568,0.026476383195243047,358.0
2002-06-17 21:47:59.487158016,0.0270777064620065,359.0
2002-06-27 19:46:23.829159936,0.027873896398469215,360.0
2002-07-07 17:45:02.492488448,0.028826638571668915,361.0
2002-07-17 15:43:34.621051136,0.029961501028388966,362.0
2002-07-27 13:42:06.462523904,0.03104403225748387,363.0
2002-08-06 11:40:38.306045184,0.03151914351092076,364.0
2002-08-16 09:39:10.054595584,0.030971139258097764,365.0
2002-08-26 07:37:41.306090240,0.02966373847242549,366.0
2002-09-05 05:36:13.269472256,0.02828594050237362,367.0
2002-09-15 03:34:43.396798976,0.027462175771959176,368.0
2002-09-25 01:33:14.749952768,0.027547790566601497,369.0
2002-10-04 23:31:47.990365952,0.028372113781270858,370.0
2002-10-14 21:30:18.745476608,0.029300327158132237,371.0
2002-10-24 19:28:49.876904192,0.029752341129788706,372.0
2002-11-03 17:27:21.536635648,0.02963572440380463,373.0
2002-11-13 15:25:53.903640576,0.029350139732228154,374.0
2002-11-23 13:24:25.698495232,0.029274564920484324,375.0
2002-12-03 11:22:56.976095488,0.029292130606144152,376.0
2002-12-13 09:21:28.073715200,0.029009296520620665,377.0
2002-12-23 07:19:59.780941824,0.02850017667515435,378.0
2003-01-02 05:18:32.200495360,0.028441634023486127,379.0
2003-01-12 03:17:04.387139328,0.029388341446812464,380.0
2003-01-22 01:15:35.738564864,0.03105444315652637,381.0
2003-01-31 23:14:06.432885248,0.03240220565788191,382.0
2003-02-10 21:12:36.988843776,0.03251448159561074,383.0
2003-02-20 19:11:08.418262528,0.03152000464987382,384.0
2003-03-02 17:09:40.754385152,0.030474311532650223,385.0
2003-03-12 15:08:12.889069056,0.03025360265186764,386.0
2003-03-22 13:06:44.117366528,0.030691494451254735,387.0
2003-04-01 11:05:15.355825664,0.030967489332664768,388.0
2003-04-11 09:03:46.503635968,0.03062704713121419,389.0
2003-04-21 07:02:18.802339584,0.030139636887680912,390.0
2003-05-01 05:00:52.345236480,0.03024994137808561,391.0
2003-05-11 02:59:24.716153856,0.031048421401793893,392.0
2003-05-21 00:57:56.100811264,0.03187625511744836,393.0
2003-05-30 22:56:27.048944896,0.0319164086913521,394.0
2003-06-09 20:54:58.285129472,0.031029670976764342,395.0
2003-06-19 18:53:27.587473920,0.029960251756072413,396.0
2003-06-29 16:52:01.162581504,0.029578892286228276,397.0
2003-07-09 14:50:32.610191360,0.030020265987556853,398.0
2003-07-19 12:49:03.913804032,0.030610619814106916,399.0
2003-07-29 10:47:35.651291648,0.030782294329915725,400.0
2003-08-08 08:46:08.907871488,0.030701918073263473,401.0
2003-08-18 06:44:40.285309184,0.03089186916073952,402.0
2003-08-28 04:43:11.585200384,0.03149075707515068,403.0
2003-09-07 02:41:43.907826176,0.03209615104053608,404.0
2003-09-17 00:40:13.506023680,0.032354669374595184,405.0
2003-09-26 22:38:45.277021952,0.03245237356073639,406.0
2003-10-06 20:37:16.527682048,0.0326988220357852,407.0
2003-10-16 18:35:48.758479104,0.0329497181306459,408.0
2003-10-26 16:34:20.373324288,0.0326579354398274,409.0
2003-11-05 14:32:52.946518528,0.031739601916908576,410.0
2003-11-15 12:32:27.162282240,0.030846116976881874,411.0
2003-11-25 10:30:58.458282240,0.03059719499645412,412.0
2003-12-05 08:28:25.676117504,0.030949708283469674,413.0
2003-12-15 06:26:58.740665344,0.03151054574910454,414.0
2003-12-25 04:25:31.361368064,0.03218726977733847,415.0
2004-01-04 02:24:03.820336640,0.03314244456687533,416.0
2004-01-14 00:22:35.659187968,0.03402739242470835,417.0
2004-01-23 22:21:06.772802816,0.0340407447980873,418.0
2004-02-02 20:19:37.497356032,0.03293620087062181,419.0
2004-02-12 18:19:08.826282240,0.03158737974257761,420.0
2004-02-22 16:17:40.122282240,0.03119143227231458,421.0
2004-03-03 14:15:10.694295552,0.03203102870651989,422.0
2004-03-13 12:13:43.449812992,0.033333926335635616,423.0
2004-03-23 10:12:16.227975680,0.03419231706084581,424.0
2004-04-02 08:10:48.654416640,0.034265490094356914,425.0
2004-04-12 06:09:20.756332800,0.03378156912526089,426.0
2004-04-22 04:07:52.638388736,0.03305710563306003,427.0
2004-05-02 02:06:24.448947712,0.032358721974327626,428.0
2004-05-12 00:04:56.215613184,0.03182059971685386,429.0
2004-05-21 22:03:27.252055296,0.03147248119946186,430.0
2004-05-31 20:01:57.998659328,0.03151745930364623,431.0
2004-06-10 18:00:27.792233728,0.03225568711962973,432.0
2004-06-20 15:58:59.787418368,0.033561180031519984,433.0
2004-06-30 13:57:31.244467200,0.034672753854418786,434.0
2004-07-10 11:56:05.810802944,0.03475059265708237,435.0
2004-07-20 09:54:37.426210048,0.03378608808206876,436.0
2004-07-30 07:53:10.334620416,0.03265533743619622,437.0
2004-08-09 05:51:43.306237696,0.03233482948272906,438.0
2004-08-19 03:50:14.338123008,0.033000196306455815,439.0
2004-08-29 01:48:45.807396608,0.03390051332119317,440.0
2004-09-07 23:47:15.701295360,0.03432857340708696,441.0
2004-09-17 21:45:48.087784192,0.03429544209128643,442.0
2004-09-27 19:44:18.818432512,0.0342145826311192,443.0
2004-10-07 17:42:48.205705984,0.034324731810355884,444.0
2004-10-17 15:41:20.371688192,0.03440902106399023,445.0
2004-10-27 13:39:53.083292416,0.03405254060220885,446.0
2004-11-06 11:38:26.082839040,0.033207744861005556,447.0
2004-11-16 09:36:57.321673984,0.03244652414012912,448.0
2004-11-26 07:35:32.759760384,0.03260287556242584,449.0
2004-12-06 05:34:01.319802112,0.03373220495462716,450.0
2004-12-16 03:32:33.117263360,0.03496817855630358,451.0
2004-12-26 01:31:04.345255424,0.03549307056391674,452.0
2005-01-04 23:29:35.045993728,0.03536109431041826,453.0
2005-01-14 21:28:05.816020224,0.03530233895599787,454.0
2005-01-24 19:26:37.565909504,0.035783335938697626,455.0
2005-02-03 17:25:10.234252800,0.03665280992330866,456.0
2005-02-13 15:23:42.447340032,0.037594433909837195,457.0
2005-02-23 13:22:14.426586624,0.03822328137490319,458.0
2005-03-05 11:20:46.567542784,0.03818930201711113,459.0
2005-03-15 09:19:18.929651968,0.03744844148949764,460.0
2005-03-25 07:17:51.044222976,0.03648749576286314,461.0
2005-04-04 05:16:22.889675008,0.03609541660383407,462.0
2005-04-14 03:14:54.617037568,0.03653996070343295,463.0
2005-04-24 01:13:26.070173184,0.03730921369926957,464.0
2005-05-03 23:11:57.653725440,0.037786635324119404,465.0
2005-05-13 21:10:28.795014656,0.037953351803424046,466.0
2005-05-23 19:09:00.198523136,0.038149066649528496,467.0
2005-06-02 17:07:32.824381696,0.038488148250907066,468.0
2005-06-12 15:06:05.515366144,0.03885233823963772,469.0
2005-06-22 13:04:37.631056640,0.03906338789981791,470.0
2005-07-02 11:03:09.863543040,0.03895552618935739,471.0
2005-07-12 09:01:33.077168896,0.03846695150795472,472.0
2005-07-22 07:00:15.068755968,0.03770621035404411,473.0
2005-08-01 04:58:46.166952192,0.036960090545698945,474.0
2005-08-11 02:57:19.391013120,0.03659161593655675,475.0
2005-08-21 00:55:50.240722176,0.03677529607800653,476.0
2005-08-30 22:54:21.349186048,0.037347762185889824,477.0
2005-09-09 20:52:52.566495744,0.03794817468987934,478.0
2005-09-19 18:51:55.290282240,0.0383027176538127,479.0
2005-09-29 16:50:26.586282240,0.038303625678192454,480.0
2005-10-09 14:48:26.142529536,0.03811913647628383,481.0
2005-10-19 12:46:57.456747520,0.038110477205325996,482.0
2005-10-29 10:45:34.084866304,0.03857197623265939,483.0
2005-11-08 08:44:03.823047424,0.03945171989010464,484.0
2005-11-18 06:42:36.036804096,0.04034959595580121,485.0
2005-11-28 04:41:04.617689856,0.04091728329056431,486.0
2005-12-08 02:39:42.138784768,0.041102827206828126,487.0
2005-12-18 00:38:09.815820032,0.040888405758022016,488.0
2005-12-27 22:36:41.061367552,0.040218759036052876,489.0
2006-01-06 20:35:12.412285184,0.03924389371188314,490.0
2006-01-16 18:33:44.229026304,0.038399421467247896,491.0
2006-01-26 16:32:16.041246464,0.03810920266457683,492.0
2006-02-05 14:30:48.607308288,0.03841180327828444,493.0
2006-02-15 12:29:22.062020864,0.03884606320097514,494.0
2006-02-25 10:27:54.306010368,0.038913951491783526,495.0
2006-03-07 08:26:25.992302080,0.03853637549069007,496.0
2006-03-17 06:24:57.725616128,0.0380652096736512,497.0
2006-03-27 04:23:29.586308352,0.03787356697539106,498.0
2006-04-06 02:22:01.221842944,0.03803995989154925,499.0
2006-04-16 00:20:32.330705664,0.03839007052120737,500.0
2006-04-25 22:19:03.380221440,0.0387834039648338,501.0
2006-05-05 20:17:35.143113472,0.039309663350566966,502.0
2006-05-15 18:16:07.187247360,0.04006028984476851,503.0
2006-05-25 16:14:37.726631936,0.040822689895153995,504.0
2006-06-04 14:13:09.581632000,0.04136811807184126,505.0
2006-06-14 12:11:40.846834688,0.041730843609206425,506.0
2006-06-24 10:10:13.348223488,0.042048291202893766,507.0
2006-07-04 08:08:43.717354240,0.042238183067199495,508.0
2006-07-14 06:07:15.895898368,0.04193479553189654,509.0
2006-07-24 04:05:48.422920960,0.04097633840694709,510.0
2006-08-03 02:04:22.491073024,0.03981981802029814,511.0
2006-08-13 00:02:50.178219776,0.039339779138857105,512.0
2006-08-22 22:01:25.056622592,0.040108010186230704,513.0
2006-09-01 19:59:55.508416256,0.04176924862053208,514.0
2006-09-11 17:58:26.800833792,0.043300566973156256,515.0
2006-09-21 15:56:58.267962368,0.043881510892492016,516.0
2006-10-01 13:55:30.329103616,0.04351032343696676,517.0
2006-10-11 11:54:02.343688448,0.04283324520767639,518.0
2006-10-21 09:52:34.575624704,0.04238927949648264,519.0
2006-10-31 07:51:18.426282240,0.04213072931441946,520.0
2006-11-20 03:48:21.018282240,0.04110710940656572,522.0
2006-11-30 01:46:42.687652608,0.04056593027594735,523.0
2006-12-09 23:45:14.149275392,0.04035614639741761,524.0
2006-12-19 21:43:45.994274048,0.04037059413582731,525.0
2006-12-29 19:42:17.340587008,0.04033460474762925,526.0
2007-01-08 17:40:48.875346432,0.04010116622493758,527.0
2007-01-18 15:39:20.928889344,0.03975969396613721,528.0
2007-01-28 13:37:52.850919936,0.03958447919528054,529.0
2007-02-07 11:36:25.322531840,0.03979143544282071,530.0
2007-02-17 09:34:57.792500480,0.040338572891804494,531.0
2007-02-27 07:33:29.703081984,0.040921612046289656,532.0
2007-03-09 05:32:02.163096320,0.04136074090353402,533.0
2007-03-19 03:30:34.169259520,0.0418678228566889,534.0
2007-03-29 01:29:05.498430976,0.04269279329652867,535.0
2007-04-07 23:27:36.870963456,0.043518666935551925,536.0
2007-04-17 21:26:08.063662336,0.04370545283849548,537.0
2007-04-27 19:24:38.746557440,0.043159150411124635,538.0
2007-05-07 17:23:09.818312448,0.04254946878554286,539.0
2007-05-17 15:21:42.111753984,0.04239220862210719,540.0
2007-05-27 13:20:14.850708224,0.042425119450090636,541.0
2007-06-06 11:18:46.472293888,0.04215463869592796,542.0
2007-06-16 09:17:18.044249600,0.04157847187579009,543.0
2007-06-26 07:15:49.724770304,0.041023314383328076,544.0
2007-07-06 05:14:21.587664384,0.040695706049650004,545.0
2007-07-16 03:12:53.792179456,0.04060893962595017,546.0
2007-07-26 01:11:25.318964480,0.04075156363342652,547.0
2007-08-04 23:09:56.133293824,0.040985740501957225,548.0
2007-08-14 21:08:27.664559872,0.04098418092448868,549.0
2007-08-24 19:06:58.973266688,0.04071264002591174,550.0
2007-09-03 17:05:33.560189952,0.04060430375475301,551.0
2007-09-13 15:04:03.495468800,0.040988070239196296,552.0
2007-09-23 13:02:35.860279552,0.04152753773557314,553.0
2007-10-03 11:01:07.626003968,0.04158587631391631,554.0
2007-10-13 08:59:39.315049472,0.041170258042173544,555.0
2007-10-23 06:58:11.011940608,0.04109941311466388,556.0
2007-11-02 04:56:43.920977152,0.04202649113048161,557.0
2007-11-12 02:55:15.398675200,0.043596944231445556,558.0
2007-11-22 00:53:41.475326720,0.04465242319492552,559.0
2007-12-01 22:52:18.465433088,0.044341324317128804,560.0
2007-12-11 20:50:49.104833536,0.042912915958547494,561.0
2007-12-21 18:49:20.781820160,0.04153033224415121,562.0
2007-12-31 16:47:52.981272320,0.04119870873453245,563.0
2008-01-10 14:46:25.065222400,0.0418644283330616,564.0
2008-01-20 12:44:57.011079680,0.04265485072915433,565.0
2008-01-30 10:43:29.390778624,0.042789454105715545,566.0
2008-02-09 08:42:01.414394112,0.04227849238318361,567.0
2008-02-19 06:40:33.333184256,0.04181510848282703,568.0
2008-02-29 04:39:05.831980544,0.04198488914957711,569.0
2008-03-10 02:37:38.017662208,0.04269123327161397,570.0
2008-03-20 00:36:09.000523008,0.04332100399480815,571.0
2008-03-29 22:34:39.697201664,0.043384139960114296,572.0
2008-04-08 20:33:10.692259584,0.042984847173768874,573.0
2008-04-18 18:31:41.619634176,0.042817801650175284,574.0
2008-04-28 16:30:13.124823296,0.04360111344525969,575.0
2008-05-08 14:28:44.765164288,0.045292207320860665,576.0
2008-05-18 12:27:15.885317632,0.04702537342146934,577.0
2008-05-28 10:25:48.734267392,0.047852421071660996,578.0
2008-06-07 08:24:20.547183360,0.047574411937003964,579.0
2008-06-17 06:22:51.712468992,0.046910455200520576,580.0
2008-06-27 04:21:24.648687616,0.04668010323554933,581.0
2008-07-07 02:19:55.153747712,0.04690179870913841,582.0
2008-07-17 00:18:26.544829696,0.04686679877133118,583.0
2008-07-26 22:16:58.099802880,0.046098274571302465,584.0
2008-08-05 20:15:12.666282496,0.04493462671808246,585.0
2008-08-25 16:12:35.297602816,0.04358269139567901,587.0
2008-09-04 14:11:05.261087232,0.043484306790221146,588.0
2008-09-14 12:09:36.709053440,0.043615702310311866,589.0
2008-09-24 10:08:08.434750464,0.04412399427979513,590.0
2008-10-04 08:06:39.617926144,0.04498336725439049,591.0
2008-10-14 06:05:10.119168512,0.04572803472251483,592.0
2008-10-24 04:03:42.368069632,0.045951202428246435,593.0
2008-11-03 02:03:10.291333120,0.04598187848351939,594.0
2008-11-13 00:01:41.548198144,0.04647214308601849,595.0
2008-11-22 22:00:12.609384960,0.0473707853662165,596.0
2008-12-02 19:58:44.177584896,0.047896528254058275,597.0
2008-12-12 17:57:14.862470400,0.04756910044212682,598.0
2008-12-22 15:55:46.468003840,0.0468040791317886,599.0
2009-01-01 13:54:18.217270272,0.04633579300148813,600.0
2009-01-11 11:52:50.059880448,0.04627723109467802,601.0
2009-01-21 09:51:21.993551360,0.046169122306123044,602.0
2009-01-31 07:49:54.264454912,0.04576122114003067,603.0
2009-02-10 05:48:26.304459264,0.04545972834076985,604.0
2009-02-20 03:46:57.994281472,0.04578847451087693,605.0
2009-03-02 01:45:29.839863808,0.04674366251614179,606.0
2009-03-11 23:44:01.296664576,0.047840622846605244,607.0
2009-03-21 21:42:32.064720128,0.0485560030756475,608.0
2009-03-31 19:41:03.339066112,0.04869814606443129,609.0
2009-04-10 17:39:34.719655424,0.04847078088656958,610.0
2009-04-20 15:38:05.738410496,0.04819441209096733,611.0
2009-04-30 13:36:36.244248576,0.04804033436636367,612.0
2009-05-10 11:35:07.872752896,0.04802859288118055,613.0
2009-05-20 09:33:39.854762240,0.048175284904373214,614.0
2009-05-30 07:32:11.412033024,0.04847090059748804,615.0
2009-06-09 05:30:43.673667840,0.04870519108336868,616.0
2009-06-19 03:29:15.370493440,0.04865552063977456,617.0
2009-06-29 01:27:47.146921984,0.048469241621668116,618.0
2009-07-08 23:26:18.644582912,0.04850238599366302,619.0
2009-07-18 21:24:49.839447552,0.048878070004903,620.0
2009-07-28 19:23:21.432509440,0.049315950399467595,621.0
2009-08-07 17:21:52.753131008,0.049510788709774815,622.0
2009-08-17 15:20:23.913026048,0.04962341020025866,623.0
2009-08-27 13:18:55.513845504,0.05009461552435322,624.0
2009-09-06 11:17:27.537390848,0.05106633601727439,625.0
2009-09-16 09:15:59.343887360,0.052185145365438924,626.0
2009-09-26 07:14:31.243266304,0.05302956799530966,627.0
2009-10-06 05:13:03.192529920,0.05345378981015135,628.0
2009-10-16 03:11:34.544347392,0.05341108077650027,629.0
2009-10-26 01:10:06.351173376,0.05301408428646762,630.0
2009-11-04 23:08:37.355077888,0.052514481106458046,631.0
2009-11-14 21:07:08.545612032,0.05211569093127213,632.0
2009-11-24 19:05:39.960180480,0.05195883702311546,633.0
2009-12-04 17:04:10.729457664,0.05203688852328811,634.0
2009-12-14 15:02:42.128748032,0.05221533343442526,635.0
2009-12-24 13:01:14.221559040,0.05223733265178419,636.0
2010-01-03 10:59:46.282500608,0.05174541747283609,637.0
2010-01-13 08:58:18.407160832,0.05065109786700794,638.0
2010-01-23 06:56:50.216874496,0.04953384247195113,639.0
2010-02-02 04:55:22.214424064,0.04941806227347352,640.0
2010-02-12 02:53:54.134064896,0.05055733487638925,641.0
2010-02-22 00:52:25.611228416,0.05194841690952627,642.0
2010-03-03 22:50:56.808665856,0.05238532431973463,643.0
2010-03-13 20:49:28.076151552,0.051719994847963656,644.0
2010-03-23 18:47:59.198240000,0.05087811327329643,645.0
2010-04-02 16:46:30.097682432,0.050657660217415,646.0
2010-04-12 14:45:01.411337216,0.05092568206875972,647.0
2010-04-22 12:43:32.961417984,0.05123549254492639,648.0
2010-05-02 10:42:04.338416640,0.051527580083564894,649.0
2010-05-12 08:40:36.033950464,0.05204281412598842,650.0
2010-05-22 06:39:07.915644416,0.05280234675629546,651.0
2010-06-01 04:37:39.287599360,0.05359692648355021,652.0
2010-06-11 02:36:11.041463552,0.05422374694519179,653.0
2010-06-21 00:34:42.199595520,0.05457177619548585,654.0
2010-06-30 22:33:13.659869696,0.05453930211266117,655.0
2010-07-10 20:31:44.309954304,0.05406658427088936,656.0
2010-07-20 18:30:15.742134016,0.05328429622525553,657.0
2010-07-30 16:28:47.354629632,0.052353668354456984,658.0
2010-08-09 14:27:19.110754816,0.05131420414055025,659.0
2010-08-19 12:25:51.272852736,0.05025782693670014,660.0
2010-08-29 10:24:22.957282048,0.04946803244928268,661.0
2010-09-08 08:22:54.583770112,0.04918014186905611,662.0
2010-09-18 06:21:26.176852480,0.04937920511959612,663.0
2010-09-28 04:19:57.833192960,0.04983846500413217,664.0
2010-10-08 02:18:28.682976512,0.050322270189305726,665.0
2010-10-18 00:16:59.752435712,0.05070614233906149,666.0
2010-10-27 22:15:30.782898176,0.05085834107841177,667.0
2010-11-06 20:14:01.701250304,0.05056647030011772,668.0
2010-11-16 18:12:34.087272448,0.04985604584047692,669.0
2010-11-26 16:11:05.822195456,0.04917621754464851,670.0
2010-12-06 14:09:38.164685312,0.04895847494608372,671.0
2010-12-16 12:08:09.840524032,0.04921721502356474,672.0
2010-12-26 10:06:41.326278656,0.049624928234186225,673.0
2011-01-05 08:05:13.192025600,0.04976975241160185,674.0
2011-01-15 06:03:44.665124096,0.04942467315440605,675.0
2011-01-25 04:02:15.536404480,0.048724571430501684,676.0
2011-02-04 02:00:46.948944640,0.04804505114199106,677.0
2011-02-13 23:59:17.813645312,0.04773534907261037,678.0
2011-02-23 21:57:48.411036416,0.04774227106038774,679.0
2011-03-05 19:56:19.716584960,0.047687415447210585,680.0
2011-03-15 17:54:52.255431168,0.04734160348560915,681.0
2011-03-25 15:53:23.967339008,0.046929723075017145,682.0
2011-04-04 13:51:55.737897728,0.04679170353108496,683.0
2011-04-14 11:50:27.408999424,0.04691832167666978,684.0
2011-04-24 09:48:58.975302400,0.04705845431270878,685.0
2011-05-04 07:47:30.012959232,0.04718442030931972,686.0
2011-05-14 05:46:01.255992576,0.04759431688113759,687.0
2011-05-24 03:44:32.368229632,0.04859101927662845,688.0
2011-06-03 01:43:03.653518848,0.05000935753760466,689.0
2011-06-12 23:41:35.734408704,0.0512400709187993,690.0
2011-06-22 21:40:07.814702592,0.05167092269785849,691.0
2011-07-02 19:38:39.398171648,0.05122803990140694,692.0
2011-07-12 17:37:11.286119424,0.05055573744384855,693.0
2011-07-22 15:35:42.510358784,0.05052598338842589,694.0
2011-08-01 13:34:13.665498624,0.0514029753464684,695.0
2011-08-11 11:32:44.587106816,0.052541988959107166,696.0
2011-08-21 09:31:15.619984640,0.053027315015881156,697.0
2011-08-31 07:29:46.458930432,0.05256935049082988,698.0
2011-09-10 05:28:18.580609792,0.051769740460751064,699.0
2011-09-20 03:26:50.664289792,0.05156292167624752,700.0
2011-09-30 01:25:22.020873472,0.052227002152935846,701.0
2011-10-09 23:23:53.367148288,0.05305508508159914,702.0
2011-10-19 21:22:24.331009792,0.05316362387307216,703.0
2011-10-29 19:20:55.612234240,0.05251379395596113,704.0
2011-11-08 17:19:27.493547008,0.05194749987899143,705.0
2011-11-18 15:17:59.667195648,0.052224485759310116,706.0
2011-11-28 13:16:31.163051776,0.05327265842823094,707.0
2011-12-08 11:15:02.221832448,0.05451306567464698,708.0
2011-12-18 09:13:33.999232512,0.05557011130974704,709.0
2011-12-28 07:12:05.753940480,0.05647250078783133,710.0
2012-01-07 05:10:38.520922880,0.05725022975321786,711.0
2012-01-17 03:09:10.445678592,0.05781143965780942,712.0
2012-01-27 01:07:41.510478080,0.05809790533518208,713.0
2012-02-05 23:06:12.821840384,0.05813628952829771,714.0
2012-02-15 21:04:43.959920640,0.05800061953206235,715.0
2012-02-25 19:03:15.024666112,0.057828548880379936,716.0
2012-03-06 17:01:45.908844544,0.05775221784593264,717.0
2012-03-16 15:00:17.921405952,0.05783397096017577,718.0
2012-03-26 12:58:50.037099008,0.05795944237626084,719.0
2012-04-05 10:57:21.599876864,0.05794309813566988,720.0
2012-04-15 08:55:53.115208960,0.057804049040296755,721.0
2012-04-25 06:54:24.565114368,0.05778184000419353,722.0
2012-05-05 04:52:55.988943872,0.05810551466339983,723.0
2012-05-15 02:51:27.051014400,0.058845408289012094,724.0
2012-05-25 00:49:58.218641920,0.05982601472204798,725.0
2012-06-03 22:48:30.354112512,0.06069940298499589,726.0
2012-06-13 20:47:02.135598080,0.06126283993867119,727.0
2012-06-23 18:45:33.743819776,0.061725415142800055,728.0
2012-07-03 16:44:04.948624896,0.06243603283637322,729.0
2012-07-13 14:42:35.715154688,0.0632815343948408,730.0
2012-07-23 12:41:06.554586112,0.06362410448766666,731.0
2012-08-02 10:39:38.032744192,0.0629916412177746,732.0
2012-08-12 08:38:09.848200192,0.061690233631361335,733.0
2012-08-22 06:36:41.825342464,0.0606648739971268,734.0
2012-09-01 04:35:13.783214336,0.060603279932474045,735.0
2012-09-11 02:33:45.253264896,0.061460544275279166,736.0
2012-09-21 00:32:16.561459712,0.06267992090900702,737.0
2012-09-30 22:30:47.689716224,0.06363507351780032,738.0
2012-10-10 20:29:18.338426112,0.06400102825412465,739.0
2012-10-20 18:27:49.096720640,0.06384888869818794,740.0
2012-10-30 16:26:21.200326144,0.06345456462471022,741.0
2012-11-09 14:24:53.550381312,0.06317967698928337,742.0
2012-11-19 12:23:25.920750080,0.06326552893647365,743.0
2012-11-29 10:21:57.211617792,0.06376824529789436,744.0
2012-12-09 08:20:28.907555840,0.06446167698970229,745.0
2012-12-19 06:19:00.472737280,0.06495629288176842,746.0
2012-12-29 04:17:32.683690496,0.06509207692953169,747.0
2013-01-08 02:16:04.350230528,0.06506318386093103,748.0
2013-01-18 00:14:36.057001984,0.06509050476274711,749.0
2013-01-27 22:13:07.907727616,0.06515187465147473,750.0
2013-02-06 20:11:39.204090880,0.06505221244319037,751.0
2013-02-16 18:10:10.527822848,0.06485880537202704,752.0
2013-02-26 16:08:41.578462464,0.06506735817207004,753.0
2013-03-08 14:07:12.785687296,0.06596054064705743,754.0
2013-03-18 12:05:44.504368384,0.06702073939255081,755.0
2013-03-27 04:31:24.613842176,0.06728258412906779,756.0
2013-04-08 22:40:08.964293376,0.066601234758048,757.0
2013-04-17 06:01:20.176658432,0.06530107837766062,758.0
2013-04-27 03:59:51.465865216,0.06441685964899269,759.0
2013-05-07 01:58:22.233258496,0.06411191315853257,760.0
2013-05-16 23:56:53.558500352,0.06393639371746813,761.0
2013-05-26 21:55:25.448887552,0.0634994159172597,762.0
2013-06-05 19:53:57.697476608,0.06297662796576935,763.0
2013-06-15 17:52:29.566241280,0.06266955181884609,764.0
2013-06-25 15:51:01.476709888,0.06266925432838795,765.0
2013-07-05 13:49:33.027977472,0.06291683757119343,766.0
2013-07-15 11:48:03.869683968,0.06311922700844338,767.0
2013-07-25 09:46:34.770101760,0.06288395788666572,768.0
2013-08-04 07:45:05.857966848,0.06210756985321764,769.0
2013-08-14 05:43:37.212949504,0.06113713224627522,770.0
2013-08-24 03:42:09.061423616,0.06050033010123011,771.0
2013-09-01 17:12:51.675306240,0.06065465013004646,772.0
2013-09-15 05:32:10.549673984,0.06053210331157433,773.0
2013-09-22 21:37:44.956963584,0.061439630389216515,774.0
2013-10-02 19:36:16.498140416,0.06234870253567883,775.0
2013-10-12 17:34:47.683656704,0.06353650121212899,776.0
2013-10-22 15:33:18.683293184,0.0645697436421488,777.0
2013-11-01 13:31:50.082905344,0.06491680467003536,778.0
2013-11-11 11:30:22.456207104,0.06440779742062132,779.0
2013-11-21 09:28:54.659788032,0.06339501832187337,780.0
2013-12-01 07:27:25.844610048,0.06250279459138719,781.0
2013-12-11 05:25:57.477381376,0.06217160434357306,782.0
2013-12-21 03:24:28.831484928,0.06238643315477296,783.0
2013-12-31 01:23:01.159278080,0.06281152238329399,784.0
2014-01-09 23:21:33.421174016,0.0631871186930935,785.0
2014-01-19 21:20:04.990996992,0.0635727184285961,786.0
2014-01-29 19:18:36.727138304,0.06420267292806094,787.0
2014-02-08 17:17:08.318451200,0.06511645403397459,788.0
2014-02-18 15:15:39.163249408,0.06596709667111966,789.0
2014-02-28 13:14:10.225854464,0.06636696843579408,790.0
2014-03-10 11:12:42.535694592,0.06627023082242631,791.0
2014-03-20 09:11:14.391265792,0.06591863605891558,792.0
2014-03-30 07:09:46.485059584,0.06551794286517479,793.0
2014-04-09 05:08:17.900398848,0.06504826814790024,794.0
2014-04-19 03:06:48.820908032,0.0644488670791104,795.0
2014-04-29 01:05:20.185609472,0.06384309673251269,796.0
2014-05-08 23:03:52.531302912,0.06344988749734676,797.0
2014-05-18 21:02:24.956856832,0.06342863326849868,798.0
2014-05-28 19:00:56.920377088,0.06385222210338014,799.0
2014-06-07 16:59:28.399159552,0.06476149644622445,800.0
2014-06-17 14:57:59.674584576,0.06603725782187708,801.0
2014-06-27 12:56:30.678269440,0.06720087221171361,802.0
2014-07-07 10:55:01.453582848,0.06770247471216602,803.0
2014-07-17 08:53:32.782399488,0.06750694315233031,804.0
2014-07-27 06:52:05.448537600,0.06715929615599042,805.0
2014-08-06 04:50:37.604064768,0.06721592026065203,806.0
2014-08-16 02:49:09.819287296,0.06765372926419491,807.0
2014-08-26 00:47:41.546479104,0.06790727829335809,808.0
2014-09-04 22:46:13.252728320,0.06762419375727861,809.0
2014-09-14 20:44:44.362138112,0.06721664547527238,810.0
2014-09-24 18:43:15.682089216,0.0673956571382764,811.0
2014-10-04 16:41:46.638141440,0.06823143790389588,812.0
2014-10-14 14:40:18.027464448,0.0689782126558682,813.0
2014-10-24 12:38:49.536720640,0.06874370231213696,814.0
2014-11-03 10:37:21.657048576,0.06748341121953441,815.0
2014-11-13 08:35:53.414206464,0.06636277912047767,816.0
2014-11-23 06:34:24.657840896,0.06661411101256294,817.0
2014-12-03 04:32:55.959609344,0.06809319213907067,818.0
2014-12-13 02:31:27.592634112,0.06951093518183041,819.0
2014-12-23 00:29:59.962901504,0.06995657375199701,820.0
2015-01-01 22:28:32.241302272,0.06979824755090684,821.0
2015-01-11 20:27:03.996459520,0.07001690214151557,822.0
2015-01-21 18:25:35.957544704,0.0710518257022728,823.0
2015-01-31 16:24:07.774302464,0.07243505646313671,824.0
2015-02-10 14:22:38.557493760,0.07347337861769478,825.0
2015-02-20 12:21:09.611218688,0.07391550950969192,826.0
2015-03-02 10:19:40.131988224,0.0738557292962656,827.0
2015-03-12 08:18:12.038422272,0.0734980487541097,828.0
2015-03-22 06:16:44.750249472,0.07321312477524605,829.0
2015-04-01 04:15:17.324802560,0.07334270847892355,830.0
2015-04-11 02:13:49.576505088,0.07379503327388041,831.0
2015-04-21 00:12:20.616603648,0.07402242137360002,832.0
2015-04-30 22:10:51.498048256,0.07367311105035498,833.0
2015-05-10 20:09:22.566478848,0.07304028404640095,834.0
2015-05-20 18:07:53.452700928,0.07277933878301653,835.0
2015-05-30 16:06:25.722647040,0.07328321382702549,836.0
2015-06-09 14:04:58.407163136,0.0743957302298652,837.0
2015-06-19 12:03:30.680055040,0.07559430261482765,838.0
2015-06-29 10:02:01.776933120,0.07641752397576185,839.0
2015-07-09 08:00:33.159526144,0.076725801667713,840.0
2015-07-19 05:59:04.915044864,0.07663358085787464,841.0
2015-07-29 03:57:36.434916608,0.07649840437252042,842.0
2015-08-08 01:56:07.850054400,0.0767806077488395,843.0
2015-08-17 23:54:38.774017792,0.07760187195788022,844.0
2015-08-27 21:53:09.252471040,0.07858300742053663,845.0
2015-09-06 19:51:40.958467840,0.07923177392182815,846.0
2015-09-16 17:50:12.788064000,0.07945101239100308,847.0
2015-09-26 15:48:45.438847744,0.07962351550400698,848.0
2015-10-06 13:47:17.921020416,0.08001135724453678,849.0
2015-10-16 11:45:49.946024960,0.08031432818645673,850.0
2015-10-26 09:44:21.658629376,0.08006978062491661,851.0
2015-11-05 07:42:53.090167808,0.07936803819089908,852.0
2015-11-15 05:41:24.929733632,0.07876606336253374,853.0
2015-11-25 03:39:56.576887296,0.07852752815961912,854.0
2015-12-05 01:38:28.646632448,0.07828147203461872,855.0
2015-12-14 23:37:00.232003584,0.07771750556820843,856.0
2015-12-24 21:35:31.500238336,0.07723636497510357,857.0
2016-01-03 19:34:02.677346560,0.07751146609143092,858.0
2016-01-13 17:32:33.678913792,0.07863152909781357,859.0
2016-01-23 15:31:05.388958464,0.07998446838188683,860.0
2016-02-02 13:29:37.128591360,0.08095791282791454,861.0
2016-02-12 11:28:09.322877440,0.08135608393042201,862.0
2016-02-22 09:26:41.444738560,0.08133880222155812,863.0
2016-03-03 07:25:13.111134720,0.08113300516693686,864.0
2016-03-13 05:23:44.808341504,0.08085192665282402,865.0
2016-03-23 03:22:16.458146560,0.08054240562337059,866.0
2016-04-02 01:20:47.720248832,0.0802188440782737,867.0
2016-04-11 23:19:18.695938048,0.07976106471907098,868.0
2016-04-21 21:17:49.285877504,0.07910942036144276,869.0
2016-05-01 19:16:20.635306496,0.0783963666882084,870.0
2016-05-11 17:14:53.372112128,0.07792832164000485,871.0
2016-05-21 15:13:25.681626624,0.07811064825035782,872.0
2016-05-31 13:11:58.203148288,0.07911019215847293,873.0
2016-06-10 11:10:29.806734848,0.08051137790744288,874.0
2016-06-20 09:10:22.675353088,0.0815124669150793,875.0
2016-06-30 07:08:54.790292736,0.08151708923784524,876.0
2016-07-10 05:07:27.027301120,0.08049422595830542,877.0
2016-07-20 03:05:59.254882560,0.07890679165975541,878.0
2016-07-30 01:04:30.979468800,0.07747747094695703,879.0
2016-08-08 23:03:01.989849344,0.07687231917989124,880.0
2016-08-18 21:01:32.222493696,0.07727987688999592,881.0
2016-08-28 19:00:04.274875392,0.07819619995913467,882.0
2016-09-07 16:58:35.143719424,0.07875610020914592,883.0
2016-09-17 14:57:06.335482112,0.07856826931987337,884.0
2016-09-27 12:55:38.529573632,0.0780806219587018,885.0
2016-10-07 10:54:10.643286528,0.07797950247023447,886.0
2016-10-17 08:52:42.419045120,0.07852262780646178,887.0
2016-10-27 06:51:14.394825472,0.07956472551528557,888.0
2016-11-06 04:49:46.296528384,0.08084908557043852,889.0
2016-11-16 02:48:17.954098432,0.08203223389366723,890.0
2016-11-26 00:46:49.256695040,0.08259887479980271,891.0
2016-12-05 22:45:20.275170816,0.0821720978811652,892.0
2016-12-15 20:43:51.270280960,0.08100117827690231,893.0
2016-12-25 18:42:22.595174656,0.07985228931888304,894.0
2017-01-04 16:40:53.944362752,0.07922588375253534,895.0
2017-01-14 14:39:25.623551232,0.07895378841545898,896.0
2017-01-24 12:37:57.557680640,0.07863885456893431,897.0
2017-02-03 10:36:29.185907712,0.07824024204993081,898.0
2017-02-13 08:35:01.227646464,0.07798725580400259,899.0
2017-02-23 06:33:33.129886720,0.07807219246877016,900.0
2017-03-05 04:32:04.975800064,0.07856949134537825,901.0
2017-03-15 02:30:36.015414272,0.07940031561177223,902.0
2017-03-25 00:29:07.562654464,0.08031113945378607,903.0
2017-04-03 22:27:38.054304256,0.08092158935725402,904.0
2017-04-13 20:26:09.424471040,0.08091693767312927,905.0
2017-04-23 18:24:41.627070208,0.08025328928183326,906.0
2017-05-03 16:23:13.537366784,0.07928215878674791,907.0
2017-05-13 14:21:45.983896576,0.07855523701660694,908.0
2017-05-23 12:20:17.646729216,0.07845445518277076,909.0
2017-06-02 10:18:49.363650048,0.0789432464044556,910.0
2017-06-12 08:17:21.505525760,0.07961026507091819,911.0
2017-06-22 06:15:53.373323520,0.08004591664570827,912.0
2017-07-02 04:14:25.377657856,0.08033960188134978,913.0
2017-07-12 02:12:56.877212928,0.08090834949223179,914.0
2017-07-22 00:11:28.457041152,0.08182553578999065,915.0
2017-07-31 22:09:59.782455552,0.08258646278123945,916.0
2017-08-10 20:08:30.973764352,0.0827879818382426,917.0
2017-08-20 18:07:02.158282240,0.08263863275857888,918.0
2017-08-30 16:05:32.792379136,0.08260109814132774,919.0
2017-09-09 14:04:04.507979520,0.08277424007382031,920.0
2017-09-19 12:02:36.485101056,0.08282558088967715,921.0
2017-09-29 10:01:08.253184512,0.08257770638789046,922.0
2017-10-09 07:59:40.121487104,0.08239812055798529,923.0
2017-10-19 05:58:12.224612096,0.08276615396294705,924.0
2017-10-29 03:56:44.214223616,0.0837275278625787,925.0
2017-11-08 01:55:15.673125376,0.08491061701551648,926.0
2017-11-17 23:53:47.160908288,0.08587878466393697,927.0
2017-11-27 21:52:18.227421440,0.08628245743336646,928.0
2017-12-07 19:50:49.071562496,0.08593053938307182,929.0
2017-12-17 17:49:20.572081920,0.08499214826249127,930.0
2017-12-27 15:47:52.906984448,0.08408859413898565,931.0
2018-01-06 13:46:24.814273280,0.08388780855660442,932.0
2018-01-16 11:44:56.120787200,0.08438134822715358,933.0
2018-01-26 09:43:28.278215680,0.08478116392963447,934.0
2018-02-05 07:41:59.611761408,0.08442642487184335,935.0
2018-02-15 05:40:31.594650368,0.08356430018722973,936.0
2018-02-25 03:39:03.023816960,0.0830042320426479,937.0
2018-03-07 01:37:34.435790080,0.08306447100980906,938.0
2018-03-16 23:36:05.052986880,0.08327799287700455,939.0
2018-03-26 21:34:35.715871488,0.0831159206181127,940.0
2018-04-05 19:33:06.695134976,0.0826751905815173,941.0
2018-04-15 17:31:38.906868224,0.0824681150273601,942.0
2018-04-25 15:30:11.058013952,0.08269996805642298,943.0
2018-05-05 13:28:42.846847488,0.08313584396518277,944.0
2018-05-15 11:27:14.623642368,0.0835113282547293,945.0
2018-05-25 09:25:46.558439680,0.08371423530803403,946.0
2018-06-04 07:24:18.307691520,0.0837258477154689,947.0
2018-06-14 05:22:50.072079360,0.08368365833771242,948.0
2018-06-24 03:21:21.638715648,0.08390659977625377,949.0
2018-07-04 01:19:53.478521856,0.08458561399226615,950.0
2018-07-13 23:18:24.716887040,0.08544360179305402,951.0
2018-07-23 21:16:55.841608192,0.08588137961227661,952.0
2018-08-02 19:15:26.546589440,0.08561586880245717,953.0
2018-08-12 17:13:57.735790592,0.0851011618474645,954.0
2018-08-22 15:12:29.009471488,0.08509576885908039,955.0
2018-09-01 13:11:00.978393600,0.08590041694668168,956.0
2018-09-11 11:09:32.950110464,0.08702815456799853,957.0
2018-09-21 09:08:05.002736896,0.08777454944451234,958.0
2018-10-01 07:06:36.554880256,0.08797523959265359,959.0
2018-10-11 05:05:08.945159680,0.08801989573799618,960.0
2018-10-21 03:03:40.389838592,0.08824538812100148,961.0
2018-10-31 01:02:11.880464128,0.08846526597286782,962.0
2018-11-09 23:00:43.311308544,0.08822806286402016,963.0
2018-11-19 20:59:13.991842048,0.08745872549472597,964.0
2018-11-29 18:57:45.186722048,0.08654850183574062,965.0
2018-12-09 16:56:16.205394688,0.08600083131629295,966.0
2018-12-19 14:54:47.172999936,0.08611035095553182,967.0
2018-12-29 12:53:19.591649280,0.08683280533110577,968.0
2019-01-08 10:51:51.514170368,0.08788605910890718,969.0
2019-01-18 08:50:23.520515840,0.08879125970442805,970.0
2019-01-28 06:48:55.743841024,0.08915216052163674,971.0
2019-02-07 04:47:27.755549696,0.08902849117497269,972.0
2019-02-17 02:45:59.653865216,0.08895117714377199,973.0
2019-02-23 00:42:27.209256448,0.08918398769275293,974.0
2019-03-10 03:13:19.331769088,0.09016814663344061,975.0
2019-03-18 20:41:32.799206912,0.09050009407545456,976.0
2019-03-28 18:40:03.739345408,0.09020104030941589,977.0
2019-04-07 16:38:34.329812480,0.08975752041752039,978.0
2019-04-17 14:37:05.297100800,0.08996027238559881,979.0
2019-04-27 12:35:37.519810816,0.09082283211919369,980.0
2019-05-07 10:34:09.453581824,0.0914590807581175,981.0
2019-05-17 08:32:41.386326528,0.0912296461683906,982.0
2019-05-27 06:31:13.685752064,0.0905838447143465,983.0
2019-06-06 04:29:45.435005952,0.09053450145309679,984.0
2019-06-16 02:28:17.596506112,0.09145141903164333,985.0
2019-06-26 00:26:48.937611776,0.09264472243239785,986.0
2019-07-05 22:25:20.091158784,0.09318097754376475,987.0
2019-07-15 20:23:51.172130304,0.09294727334674008,988.0
2019-07-25 18:22:22.028439296,0.09267791501770027,989.0
2019-08-04 16:20:53.014430208,0.0930839614632314,990.0
2019-08-14 14:19:24.089117184,0.09413327320750614,991.0
2019-08-24 12:17:56.337932032,0.09514181237146904,992.0
2019-09-03 10:16:28.064977408,0.09537431981017777,993.0
2019-09-13 08:14:59.863544832,0.0947032247428769,994.0
2019-09-23 06:13:31.526496768,0.09358809760277499,995.0
2019-10-03 04:12:03.087771136,0.09259994101628999,996.0
2019-10-13 02:10:34.551717120,0.09214725177023565,997.0
2019-10-23 00:09:06.018762496,0.0923192589062181,998.0
2019-11-01 22:07:37.054757888,0.09284142535413921,999.0
2019-11-11 20:06:07.727379712,0.09327906937969684,1000.0
2019-11-21 18:04:38.508875008,0.09341196262678002,1001.0
2019-12-01 16:03:09.328162048,0.09336710203284837,1002.0
2019-12-11 14:01:41.205152512,0.09324162340333428,1003.0
2019-12-21 12:00:13.147335424,0.09279796362770348,1004.0
2019-12-31 09:58:44.855176192,0.0918034367982781,1005.0
2020-01-10 07:57:17.152627456,0.09069088364567868,1006.0
2020-01-20 05:55:49.008117504,0.09038096429620066,1007.0
2020-01-28 04:33:05.127959552,0.0910540741483866,1008.0
2020-02-09 17:14:41.604512768,0.09256412527998184,1009.0
2020-02-18 23:51:22.934410496,0.09322419844485612,1010.0
2020-02-28 21:49:53.912446720,0.09298664895149371,1011.0
2020-03-09 19:48:25.021206528,0.09242949107614344,1012.0
2020-03-19 17:46:56.354556672,0.09226292868245223,1013.0
2020-03-29 15:45:28.457974784,0.09252774647877862,1014.0
2020-04-08 13:44:00.502664192,0.0928755147715165,1015.0
2020-04-18 11:42:32.294115072,0.0931703756083937,1016.0
2020-04-28 09:41:03.819731456,0.0935513889978132,1017.0
2020-05-08 07:39:35.825602048,0.09410583877570758,1018.0
2020-05-18 05:38:07.458433792,0.09466195913349407,1019.0
2020-05-28 03:36:39.406084352,0.0949567428890801,1020.0
2020-06-07 01:35:10.920272384,0.09500476114954426,1021.0
2020-06-16 23:33:42.355043328,0.09512350119019668,1022.0
2020-06-26 21:32:13.532221440,0.09550863729840527,1023.0
2020-07-06 19:30:44.270955264,0.09599080989324746,1024.0
2020-07-16 17:29:15.206880512,0.0962150257410779,1025.0
2020-07-26 15:27:46.568707840,0.09602928220716904,1026.0
2020-08-05 13:26:18.053737216,0.09565742146126738,1027.0
2020-08-15 11:24:49.889498624,0.09543424481594927,1028.0
2020-08-25 09:23:21.872017920,0.09537843850871372,1029.0
2020-09-04 07:21:53.538306816,0.09529330604388801,1030.0
2020-09-14 05:20:25.344078592,0.09516027076669256,1031.0
2020-09-24 03:18:57.024178176,0.09528906773827653,1032.0
2020-10-04 01:17:28.384107264,0.09601974399561589,1033.0
2020-10-13 23:15:59.479183616,0.09714410347395376,1034.0
2020-10-23 05:49:31.259134464,0.09786438243655018,1035.0
2020-11-03 02:54:08.926446592,0.09761798594074161,1036.0
2020-11-12 17:11:33.610798848,0.09664160384262735,1037.0
2020-11-22 15:10:05.372963584,0.09574893621288288,1038.0
2020-12-02 13:08:36.956616960,0.09552160734334195,1039.0
2020-12-12 11:07:08.375104512,0.09595419093590828,1040.0
2020-12-22 09:05:39.756503552,0.09670541717668202,1041.0
2021-01-01 07:04:11.095964928,0.09756206341339446,1042.0
2021-01-11 05:02:42.388875008,0.09841890009252216,1043.0
2021-01-21 03:01:13.415475200,0.09894491992978975,1044.0
2021-01-31 00:59:44.186200576,0.09863089488205797,1045.0
2021-02-09 22:58:15.573271552,0.0974086516391866,1046.0
2021-02-19 20:56:47.619386112,0.09590063062771947,1047.0
2021-03-01 18:55:19.546691072,0.09505535209674967,1048.0
2021-03-11 16:53:51.422366464,0.09550677034669608,1049.0
2021-03-21 14:52:23.110819072,0.09707352608751824,1050.0
2021-03-31 12:50:54.561598464,0.09879521331016825,1051.0
2021-04-10 10:49:25.919279616,0.09970137512930884,1052.0
2021-04-20 08:47:57.270943744,0.09958212809676625,1053.0
2021-04-30 06:46:28.691055360,0.0989847559649915,1054.0
2021-05-10 04:45:00.526945792,0.0985006799353388,1055.0
2021-05-20 02:43:32.669209344,0.09832375001495464,1056.0
2021-05-30 00:42:04.544455936,0.0983951890900733,1057.0
2021-06-08 22:40:36.135713024,0.098692892514161,1058.0
2021-06-18 20:39:07.536618240,0.09917534139000606,1059.0
2021-06-28 18:37:38.801018112,0.09969856661951318,1060.0
2021-07-08 16:36:09.896887552,0.10021653756072318,1061.0
2021-07-18 14:34:40.868849408,0.10090178905001698,1062.0
2021-07-28 12:33:12.285930496,0.10166963483004389,1063.0
2021-08-07 10:31:44.196653824,0.10197971150295404,1064.0
2021-08-17 08:30:16.069115136,0.10146139977050915,1065.0
2021-08-27 06:28:47.991361024,0.10055508141691497,1066.0
2021-09-06 04:27:19.940588544,0.10010561016068006,1067.0
2021-09-16 02:25:51.649738240,0.10050280646778584,1068.0
2021-09-26 00:24:23.047011072,0.10146915486046995,1069.0
2021-10-05 22:22:54.201305600,0.10239659251338167,1070.0
2021-10-15 20:21:25.197522176,0.10270943689327088,1071.0
2021-10-25 18:19:56.171491072,0.10228035410705696,1072.0
2021-11-04 16:18:27.131213568,0.10162432337285339,1073.0
2021-11-14 14:16:58.849927936,0.10142319698426183,1074.0
2021-11-24 12:15:31.153723392,0.10170640709759982,1075.0
2021-12-04 10:14:03.301135104,0.10174892315489716,1076.0
2021-12-14 08:12:35.342860544,0.10111233887727593,1077.0
2021-12-24 06:11:07.346573824,0.10044019164907243,1078.0
2022-01-03 04:09:39.126713856,0.10073516949513923,1079.0
2022-01-13 02:08:39.500000000,0.10204961251618251,1080.0
2022-01-23 00:07:11.000000256,0.1032474947866155,1081.0
2022-02-01 22:05:42.000000000,0.1031959274246069,1082.0
2022-02-11 20:04:13.000000000,0.1019295768102242,1083.0
2022-02-21 18:02:44.000000000,0.10054171213644739,1084.0
2022-03-03 16:01:15.000000000,0.10021962423369718,1085.0
2022-03-13 13:59:46.500000000,0.1011759808631847,1086.0
2022-03-23 11:58:18.499999744,0.10243588272726512,1087.0
2022-04-02 09:56:50.499999744,0.1028493908812499,1088.0
2022-04-12 07:55:22.000000000,0.10211742319972332,1089.0
2022-04-22 05:53:53.500000256,0.10093389675065303,1090.0
2022-05-02 03:52:25.000000000,0.10017981825824135,1091.0
2022-05-12 01:50:56.000000000,0.10013789754255478,1092.0
2022-05-21 23:49:27.500000256,0.10045092403118522,1093.0
2022-05-31 21:47:59.000000000,0.10070737056143907,1094.0
2022-06-10 19:46:30.000000000,0.10100527425809741,1095.0
2022-06-20 17:45:01.500000256,0.10185786748978827,1096.0
2022-06-30 15:43:33.500000256,0.10337110688423513,1097.0
2022-07-10 13:42:05.500000256,0.10473581721548095,1098.0
2022-07-20 11:40:37.000000000,0.10479671760337042,1099.0
2022-07-30 09:39:08.499999744,0.10333391288833343,1100.0
2022-08-09 07:37:40.499999744,0.10153419054650221,1101.0
2022-08-19 05:36:12.000000000,0.10092649328497345,1102.0
2022-08-29 03:34:43.500000256,0.10193792293028275,1103.0
2022-09-08 01:33:15.000000000,0.10366092410699024,1104.0
2022-09-17 23:31:46.000000000,0.10478544576232937,1105.0
2022-09-27 21:30:16.999999744,0.10470312559237298,1106.0
2022-10-07 19:28:48.000000256,0.10385900820609223,1107.0
2022-10-17 17:27:20.000000000,0.10312260846975478,1108.0
2022-10-27 15:25:53.000000000,0.10294168751346275,1109.0
2022-11-06 13:24:25.500000000,0.10298385918080329,1110.0
2022-11-16 11:22:57.500000000,0.10283895721110646,1111.0
2022-11-26 09:21:29.000000256,0.10272307831805554,1112.0
2022-12-06 07:20:00.499999744,0.10325492758708493,1113.0
2022-12-16 05:18:31.500000000,0.10467150610624745,1114.0
2022-12-26 03:17:02.499999744,0.1064058199063501,1115.0
2023-01-05 01:15:34.000000000,0.10751515037799052,1116.0
2023-01-14 23:14:04.500000000,0.10743806992187697,1117.0
2023-01-24 21:12:36.000000000,0.10629847322909723,1118.0
2023-02-03 19:11:08.499999744,0.10489803587948432,1119.0
2023-02-13 17:09:40.499999744,0.1042825072911973,1120.0
2023-02-23 15:08:13.000000000,0.10490669778773691,1121.0
2023-03-05 13:06:45.499999744,0.10599016606469086,1122.0
2023-03-15 11:05:17.000000000,0.10607066658049875,1123.0
2023-03-25 09:03:48.499999744,0.10456823168941423,1124.0
2023-04-04 07:02:20.000000000,0.10250322346999524,1125.0
2023-04-14 05:00:51.000000000,0.10159439790970448,1126.0
2023-04-24 02:59:22.499999744,0.10263138864620591,1127.0
2023-05-04 00:57:53.500000256,0.10481753792437024,1128.0
2023-05-13 22:56:24.000000000,0.10663561982244749,1129.0
2023-05-23 20:54:55.000000000,0.10722458263705953,1130.0
2023-06-02 18:53:26.499999744,0.10699513767522105,1131.0
2023-06-12 16:51:59.000000000,0.1070627299740282,1132.0
2023-06-22 14:50:31.000000000,0.10803936520987135,1133.0
2023-07-02 12:49:02.000000000,0.10951851043444222,1134.0
2023-07-12 10:47:33.500000256,0.11058833673693275,1135.0
2023-07-22 08:46:05.000000000,0.110779733920138,1136.0
2023-08-01 06:44:36.499999744,0.1104729650003459,1137.0
2023-08-11 04:43:08.499999744,0.11032123579032949,1138.0
2023-08-21 02:41:40.499999744,0.1105694468615154,1139.0
2023-08-31 00:40:12.499999744,0.11093997490239033,1140.0
2023-09-09 22:38:44.499999744,0.11123312210877138,1141.0
2023-09-19 20:37:16.499999744,0.11167331217920759,1142.0
2023-09-29 18:35:48.000000000,0.11244088481510378,1143.0
2023-10-09 16:34:19.499999744,0.11334784052302609,1144.0
2023-10-19 14:32:51.499999744,0.11390177877160007,1145.0
2023-10-29 12:31:23.000000000,0.11355858727502739,1146.0
2023-11-08 10:29:54.000000000,0.11226904923056097,1147.0
2023-11-18 08:28:24.500000256,0.11063554051809069,1148.0
2023-11-28 06:26:55.000000000,0.10962695609216516,1149.0
2023-12-08 04:25:27.000000000,0.10994427851499622,1150.0
2023-12-18 02:23:59.500000256,0.11144077903969957,1151.0
2023-12-28 00:22:31.500000256,0.11316027918664938,1152.0
2024-01-06 22:21:03.500000256,0.1139529140540257,1153.0
2024-01-16 20:19:35.000000000,0.11353533599712727,1154.0
2024-01-26 18:18:06.500000256,0.11272422070701174,1155.0
2024-02-05 16:16:38.000000000,0.11253743728988538,1156.0
2024-02-15 14:15:09.015224832,0.11331304445725372,1157.0
2024-02-25 12:13:40.019593728,0.11443836773330632,1158.0
2024-03-06 10:12:11.775331840,0.11488053497075623,1159.0
2024-03-16 08:10:44.745137664,0.11412107445818467,1160.0
2024-03-26 06:09:16.498079232,0.11256670093769429,1161.0
2024-04-05 04:07:48.491768320,0.11119613529694508,1162.0
2024-04-15 02:06:20.513082880,0.1107493390204472,1163.0
2024-04-25 00:04:52.016347648,0.1112096925696944,1164.0
2024-05-04 22:03:23.007076352,0.11198837848874367,1165.0
2024-05-14 20:01:54.007882752,0.11252045132118836,1166.0
2024-05-24 18:00:24.995004928,0.11267565618950717,1167.0
2024-06-03 15:58:56.988869632,0.11266258409428867,1168.0
2024-06-13 13:57:30.011716608,0.1126253124582697,1169.0
2024-06-23 11:56:02.522722304,0.11241974352760016,1170.0
2024-07-03 09:54:34.010664960,0.11169992391148881,1171.0
2024-07-13 07:53:05.510060544,0.11035055667765889,1172.0
2024-07-23 05:51:37.502946304,0.10888276008271736,1173.0
2024-08-02 03:50:08.984557056,0.10814265089566427,1174.0
2024-08-12 01:48:39.984285696,0.10848074051102365,1175.0
2024-08-21 23:47:10.998799872,0.1092094221422559,1176.0
2024-08-31 21:45:42.010329600,0.10925663544067848,1177.0
2024-09-10 19:44:12.993846784,0.10856458587865014,1178.0
2024-09-20 17:42:44.490744320,0.10821559988925458,1179.0
2024-09-30 15:41:16.989444096,0.10899712653898395,1180.0
2024-10-10 13:39:49.484380672,0.11047246173024304,1181.0
2024-10-20 11:38:21.500350976,0.11161764859745724,1182.0
2024-10-30 09:36:53.508736000,0.11196053591145247,1183.0
2024-11-09 07:35:24.995391488,0.1118529753443766,1184.0
2024-11-19 05:33:55.993994752,0.1119936433398789,1185.0
2024-11-29 03:32:26.991716864,0.11277393081874545,1186.0
2024-12-09 01:30:57.996846080,0.11398675265233396,1187.0
2024-12-18 23:29:29.512235008,0.11495618023360071,1188.0
2024-12-28 21:28:01.514505728,0.11491155774776207,1189.0
2025-01-07 19:26:33.515196416,0.11368532465684425,1190.0
2025-01-17 17:25:05.503610880,0.11220970592916342,1191.0
2025-01-27 15:23:37.490500096,0.11168338907635576,1192.0
2025-02-06 13:22:09.499824128,0.11231296831696866,1193.0
2025-02-16 11:20:40.996517888,0.11323731798820408,1194.0
2025-02-26 09:19:11.998993920,0.1135268634434079,1195.0
2025-03-08 07:17:43.018208768,0.11308497464173695,1196.0
2025-03-18 05:16:14.497037824,0.1125414539158011,1197.0
2025-03-28 03:14:46.484926976,0.11235517774439951,1198.0
2025-04-07 01:13:18.496258560,0.11252740337758409,1199.0
