time,msl
1993-01-06,-0.0037200252275243657
1993-01-13,-0.004798971739340576
1993-01-20,-0.005573301536352965
1993-01-27,-0.0059643729388907645
1993-02-03,-0.005932289092239926
1993-02-10,-0.005531027358946075
1993-02-17,-0.004924540951669188
1993-02-24,-0.004310315170305511
1993-03-03,-0.0038253732001062458
1993-03-10,-0.0035471591308061518
1993-03-17,-0.003472731408674986
1993-03-24,-0.003501839934346284
1993-03-31,-0.0035031671134516697
1993-04-07,-0.0033856348855544477
1993-04-14,-0.003133052855928605
1993-04-21,-0.00278544698519821
1993-04-28,-0.0023909849736112668
1993-05-05,-0.0019838246935495966
1993-05-12,-0.001597693640591832
1993-05-19,-0.0012806428719914918
1993-05-26,-0.0010793273788592102
1993-06-02,-0.0009873215237007705
1993-06-09,-0.000908648777428289
1993-06-16,-0.0007069794333840369
1993-06-23,-0.0003138696014122972
1993-06-30,0.00018829310794633673
1993-07-07,0.00059114617589014
1993-07-14,0.0006947223539422506
1993-07-21,0.0004361969740716825
1993-07-28,-7.47579413171405e-05
1993-08-04,-0.000625019535171115
1993-08-11,-0.0010175812721874289
1993-08-18,-0.0011666272974288835
1993-08-25,-0.0011336811500123455
1993-09-01,-0.0010875878781852946
1993-09-08,-0.0011897711430930834
1993-09-15,-0.0014836545093089015
1993-09-22,-0.0018690330751742618
1993-09-29,-0.0021749988602404093
1993-10-06,-0.0022782442931301907
1993-10-13,-0.0021714037609248307
1993-10-20,-0.0019389646997366224
1993-10-27,-0.0016969791977787807
1993-11-03,-0.0015485433911832103
1993-11-10,-0.001561608403527294
1993-11-17,-0.0017502454633560793
1993-11-24,-0.002053403579999811
1993-12-01,-0.0023309939943396253
1993-12-08,-0.0024115878962313315
1993-12-15,-0.002188707842926032
1993-12-22,-0.001710687640485313
1993-12-29,-0.0011923870768156784
1994-01-05,-0.0009093077949710645
1994-01-12,-0.0010183195398557644
1994-01-19,-0.0014441834484328151
1994-01-26,-0.0019329718198173532
1994-02-02,-0.0022201725405140062
1994-02-09,-0.0021789874311910484
1994-02-16,-0.0018513881372380619
1994-02-23,-0.0013677683952452342
1994-03-02,-0.0008588479347172457
1994-03-09,-0.00042051953322275355
1994-03-16,-0.00011074014941345363
1994-03-23,4.992266681231455e-05
1994-03-30,8.2340683494872e-05
1994-04-06,4.123717506237905e-05
1994-04-13,-8.25825013502264e-06
1994-04-20,-8.225745458433423e-06
1994-04-27,6.55329470461638e-05
1994-05-04,0.0001856230319749793
1994-05-11,0.0003090862835164231
1994-05-18,0.0004263238896688986
1994-05-25,0.0005729834217366391
1994-06-01,0.0008062463924699869
1994-06-08,0.0011386851606197904
1994-06-15,0.0014818795159766561
1994-06-22,0.001681964297532675
1994-06-29,0.0016183965081592155
1994-07-06,0.001280302836378892
1994-07-13,0.0007747432057533653
1994-07-20,0.00026525873334251084
1994-07-27,-0.0001216895168036844
1994-08-03,-0.00037121094169258705
1994-08-10,-0.0005781611040878692
1994-08-17,-0.0008588056373339363
1994-08-24,-0.0012510666462392708
1994-08-31,-0.0016788936979652645
1994-09-07,-0.0019923120804642962
1994-09-14,-0.0020480302801930816
1994-09-21,-0.0017777745541002234
1994-09-28,-0.001211561046407168
1994-10-05,-0.0004607760624310321
1994-10-12,0.0003231604287234919
1994-10-19,0.0010032157776824323
1994-10-26,0.0015030338842867193
1994-11-02,0.0018127290869778588
1994-11-09,0.001947403309440166
1994-11-16,0.0019012016295562309
1994-11-23,0.0016513129984722255
1994-11-30,0.001208692963912621
1994-12-07,0.0006692947012445316
1994-12-14,0.00020823849823832768
1994-12-21,2.80985382828617e-06
1994-12-28,0.00013369016126296967
1995-01-04,0.0005371333835779302
1995-01-11,0.0010624464902866324
1995-01-18,0.0015903842987873146
1995-01-25,0.002110860310746643
1995-02-01,0.002695076385130682
1995-02-08,0.003377825598378006
1995-02-15,0.00407167493890122
1995-02-22,0.004597661061715096
1995-03-01,0.0048011569300356275
1995-03-08,0.004651305274347884
1995-03-15,0.004235718908323105
1995-03-22,0.0036640963339802136
1995-03-29,0.002988974933963773
1995-04-05,0.002215053049657285
1995-04-12,0.0013965934826941032
1995-04-19,0.0007079906330111439
1995-04-26,0.00037934658085075033
1995-05-03,0.0005586405962412534
1995-05-10,0.0012171667402998314
1995-05-17,0.0021614562898898066
1995-05-24,0.0031496056638055194
1995-05-31,0.004013692600866221
1995-06-07,0.004702623765587435
1995-06-14,0.005241090702293689
1995-06-21,0.005655255227191458
1995-06-28,0.005922666575714357
1995-07-05,0.005985487190555979
1995-07-12,0.005801909446813185
1995-07-19,0.005387182111601777
1995-07-26,0.004828516527345925
1995-08-02,0.00425629401425511
1995-08-09,0.0037951725381668543
1995-08-16,0.0035177246666953394
1995-08-23,0.003421874046915758
1995-08-30,0.003456710855020745
1995-09-06,0.0035634234533513595
1995-09-13,0.0036932515308768683
1995-09-20,0.0037929872351004385
1995-09-27,0.00380103649060402
1995-10-04,0.003676124103356663
1995-10-11,0.0034188546172368352
1995-10-18,0.0030588722473702257
1995-10-25,0.002638330936367464
1995-11-01,0.002208301164531686
1995-11-08,0.001831653066174833
1995-11-15,0.0015760989000862336
1995-11-22,0.0014837517017720872
1995-11-29,0.001538157309617122
1995-12-06,0.0016562966992811187
1995-12-13,0.0017308291747614689
1995-12-20,0.001719465569908307
1995-12-27,0.0016934179337299952
1996-01-03,0.0017954909850676458
1996-01-10,0.0021099944868107207
1996-01-17,0.002566611676503133
1996-01-24,0.0029974094621711255
1996-01-31,0.0032835282601143267
1996-02-07,0.0034547723094974832
1996-02-14,0.003643124660375332
1996-02-21,0.00395435897426466
1996-02-28,0.00436358238498045
1996-03-06,0.004705658804856476
1996-03-13,0.004769125022534973
1996-03-20,0.004431905673118779
1996-03-27,0.0037616876339889773
1996-04-03,0.0030122647987025856
1996-04-10,0.00249855709158121
1996-04-17,0.002435048210698074
1996-04-24,0.0028395876732719653
1996-05-01,0.0035470406141873767
1996-05-08,0.004290422290003326
1996-05-15,0.0048392758937244795
1996-05-22,0.005122171625454479
1996-05-29,0.0052371483880846
1996-06-05,0.00536200699087432
1996-06-12,0.00564030162966348
1996-06-19,0.006104913232437816
1996-06-26,0.006666484913199463
1996-07-03,0.007154221269787971
1996-07-10,0.007385600168737419
1996-07-17,0.007236583686978704
1996-07-24,0.006697976197463264
1996-07-31,0.005895332649064576
1996-08-07,0.005032325019073447
1996-08-14,0.004294618819460205
1996-08-21,0.0037841755943081572
1996-08-28,0.003506272437093545
1996-09-04,0.0034039651444889487
1996-09-11,0.0034274584429068253
1996-09-18,0.0035867994715530933
1996-09-25,0.0039292540718015995
1996-10-02,0.004462398590438975
1996-10-09,0.0051053116322596695
1996-10-16,0.005712314770186652
1996-10-23,0.006139155921583813
1996-10-30,0.006303616161017949
1996-11-06,0.006201505664090004
1996-11-13,0.005883199910570186
1996-11-20,0.005416593583373682
1996-11-27,0.004857600006245281
1996-12-04,0.004242890297263649
1996-12-11,0.003615881519050507
1996-12-18,0.0030492378254474315
1996-12-25,0.0026270645292346797
1997-01-01,0.002394893521283305
1997-01-08,0.002307879183233037
1997-01-15,0.002221871230627828
1997-01-22,0.0019558553143875917
1997-01-29,0.001413842750754176
1997-02-05,0.0006818856565041671
1997-02-12,1.7335840720918497e-05
1997-02-19,-0.0002720542960156225
1997-02-26,2.6022524940803177e-06
1997-03-05,0.0007900736974027905
1997-03-12,0.0018323322712186767
1997-03-19,0.0028209435854060546
1997-03-26,0.003543681265480948
1997-04-02,0.003941248585703478
1997-04-09,0.004090557941202709
1997-04-16,0.004139484395832062
1997-04-23,0.004254837594036965
1997-04-30,0.004595107491167254
1997-05-07,0.00527117013748239
1997-05-14,0.006282665695835826
1997-05-21,0.007474800908414048
1997-05-28,0.008597373290077157
1997-06-04,0.009443137220030722
1997-06-11,0.009957444796241855
1997-06-18,0.010257008711955565
1997-06-25,0.010547690808806912
1997-07-02,0.010990527600134681
1997-07-09,0.011622522007128537
1997-07-16,0.012373668889994641
1997-07-23,0.013129487332006418
1997-07-30,0.013793201190114677
1997-08-06,0.01431092431887608
1997-08-13,0.014648191745702912
1997-08-20,0.014791657069365827
1997-08-27,0.014789824101135737
1997-09-03,0.014787645864032238
1997-09-10,0.014984916141763652
1997-09-17,0.015516927370695533
1997-09-24,0.01634696754641048
1997-10-01,0.017263862217744144
1997-10-08,0.01798885750813992
1997-10-15,0.01831386258848299
1997-10-22,0.018173179791112194
1997-10-29,0.017616932247560793
1997-11-05,0.01675494288297297
1997-11-12,0.01572572273331374
1997-11-19,0.014703792979407819
1997-11-26,0.013902498722020332
1997-12-03,0.013500325169388299
1997-12-10,0.013526615879406617
1997-12-17,0.013803708325713485
1997-12-24,0.014015447870518775
1997-12-31,0.013884485127728515
1998-01-07,0.013319331379059135
1998-01-14,0.012434339472446942
1998-01-21,0.011454187480365951
1998-01-28,0.010589972090985972
1998-02-04,0.009966653289165071
1998-02-11,0.009631396861912757
1998-02-18,0.009583480437898365
1998-02-25,0.00978142809393789
1998-03-04,0.010138995478164478
1998-03-11,0.010531167221917563
1998-03-18,0.01083104541284072
1998-03-25,0.010948075534778752
1998-04-01,0.010829064440400658
1998-04-08,0.010443838954395681
1998-04-15,0.009783334670735593
1998-04-22,0.008886834416818866
1998-04-29,0.00787455585520086
1998-05-06,0.006930197212348069
1998-05-13,0.006214209742243622
1998-05-20,0.005771113127652388
1998-05-27,0.005519384380088916
1998-06-03,0.005328879779150113
1998-06-10,0.005124892931511858
1998-06-17,0.004938848747673249
1998-06-24,0.004868243907100229
1998-07-01,0.004979204642746905
1998-07-08,0.005228385187777419
1998-07-15,0.00547756600760195
1998-07-22,0.00557776751685422
1998-07-29,0.005454141835347506
1998-08-05,0.005147630427698219
1998-08-12,0.00478507736568202
1998-08-19,0.004508322682126928
1998-08-26,0.004417452822097892
1998-09-02,0.004552864145774039
1998-09-09,0.004878979331748176
1998-09-16,0.0052811702022706325
1998-09-23,0.005611261974718201
1998-09-30,0.005760115292201957
1998-10-07,0.005707807349668892
1998-10-14,0.005523338661930981
1998-10-21,0.00531958426924331
1998-10-28,0.005186893621331511
1998-11-04,0.0051444272247626165
1998-11-11,0.0051594101142152455
1998-11-18,0.005214290652447158
1998-11-25,0.005356251975034466
1998-12-02,0.00568306966826689
1998-12-09,0.006259621072433432
1998-12-16,0.007017087375073109
1998-12-23,0.007737069543211475
1998-12-30,0.008163955138941564
1999-01-06,0.008170729705395695
1999-01-13,0.007850569873882258
1999-01-20,0.007469595943897036
1999-01-27,0.007311228101728134
1999-02-03,0.0075010229596709
1999-02-10,0.007929794828158258
1999-02-17,0.008328529009700152
1999-02-24,0.008436465760311582
1999-03-03,0.00815401544446632
1999-03-10,0.007592532878953886
1999-03-17,0.006999876102664344
1999-03-24,0.006614170266412957
1999-03-31,0.006547539332572469
1999-04-07,0.006784559370428177
1999-04-14,0.007259903557252112
1999-04-21,0.007908250782675104
1999-04-28,0.008656949677618101
1999-05-05,0.009391307594408538
1999-05-12,0.009939561416894106
1999-05-19,0.01013975240568807
1999-05-26,0.009961550390944734
1999-06-02,0.009577880205813176
1999-06-09,0.009310754033964504
1999-06-16,0.009457740670639175
1999-06-23,0.01010998690366014
1999-06-30,0.011109303908776255
1999-07-07,0.012167495955274601
1999-07-14,0.013041595580342544
1999-07-21,0.013629520852476677
1999-07-28,0.013946682449096135
1999-08-04,0.014042356457567247
1999-08-11,0.013945073067932197
1999-08-18,0.013679090184720986
1999-08-25,0.01333028933968971
1999-09-01,0.013058699483388189
1999-09-08,0.013018221513856688
1999-09-15,0.013249713718390062
1999-09-22,0.013631738355376073
1999-09-29,0.013930781424290231
1999-10-06,0.013937909081950724
1999-10-13,0.013611230532501028
1999-10-20,0.01311340714393098
1999-10-27,0.012713142055950583
1999-11-03,0.01262946364432554
1999-11-10,0.012910308345739018
1999-11-17,0.013424403262724673
1999-11-24,0.013965597446067188
1999-12-01,0.014373123591478961
1999-12-08,0.014589881426073462
1999-12-15,0.014655479344168845
1999-12-22,0.014660960072427957
1999-12-29,0.014692065268780224
2000-01-05,0.01479135215170514
2000-01-12,0.01494728258977554
2000-01-19,0.015111928957009618
2000-01-26,0.015222660624644772
2000-02-02,0.01521925169921867
2000-02-09,0.015080045615901793
2000-02-16,0.014850716547943139
2000-02-23,0.014607283900730008
2000-03-01,0.01438027314676761
2000-03-08,0.014119948765886165
2000-03-15,0.013740195707197938
2000-03-22,0.013211767584608972
2000-03-29,0.012621308467098937
2000-04-05,0.01212368056639045
2000-04-12,0.011834973266827262
2000-04-19,0.011772115787618102
2000-04-26,0.011872135015515862
2000-05-03,0.012056692651709063
2000-05-10,0.01228056361930453
2000-05-17,0.012520986416871684
2000-05-24,0.012739535380633028
2000-05-31,0.012874674592046833
2000-06-07,0.012888936278803994
2000-06-14,0.012839777153234493
2000-06-21,0.012888309848442726
2000-06-28,0.013220644391970961
2000-07-05,0.013926694147331001
2000-07-12,0.014909205131122035
2000-07-19,0.01591122558263048
2000-07-26,0.01664424032318051
2000-08-02,0.016920567355727306
2000-08-09,0.016738154694474303
2000-08-16,0.016284396202801914
2000-08-23,0.01585733758893121
2000-08-30,0.015742644373036612
2000-09-06,0.016101536731721454
2000-09-13,0.016909493501874567
2000-09-20,0.017969793445197745
2000-09-27,0.019004073723684043
2000-10-04,0.019760269368124972
2000-10-11,0.02007357654511252
2000-10-18,0.01989025986096562
2000-10-25,0.01929182996042101
2000-11-01,0.018478547783385455
2000-11-08,0.017695507122641303
2000-11-15,0.017149247348226454
2000-11-22,0.016931576888269215
2000-11-29,0.01699394652157961
2000-12-06,0.017190117500071895
2000-12-13,0.017350584954219865
2000-12-20,0.017367251711057533
2000-12-27,0.017246521003898597
2001-01-03,0.017096449646714657
2001-01-10,0.017055695578222757
2001-01-17,0.0172021480471539
2001-01-24,0.01750705150101755
2001-01-31,0.017864439574340543
2001-02-07,0.01816054643464115
2001-02-14,0.018341708376240107
2001-02-21,0.018458448621972844
2001-02-28,0.01863213088312008
2001-03-07,0.018959382417551324
2001-03-14,0.019432708864327113
2001-03-21,0.019929257607217168
2001-03-28,0.020287491989965215
2001-04-04,0.020420814187203297
2001-04-11,0.020379131711101887
2001-04-18,0.020315790665646836
2001-04-25,0.02038363497335706
2001-05-02,0.020636811490865742
2001-05-09,0.021016756707103144
2001-05-16,0.021414363464341814
2001-05-23,0.021739829611343974
2001-05-30,0.021956998045649535
2001-06-06,0.02207430314954435
2001-06-13,0.022116035672686267
2001-06-20,0.02210531519313261
2001-06-27,0.022058960764137756
2001-07-04,0.021992144120769504
2001-07-11,0.02192695196492795
2001-07-18,0.021881568097869453
2001-07-25,0.021855452267880045
2001-08-01,0.02185292677971857
2001-08-08,0.021914630551561377
2001-08-15,0.022110765258253937
2001-08-22,0.02249136847059493
2001-08-29,0.02302484241634961
2001-09-05,0.02358746930673809
2001-09-12,0.024000348248843416
2001-09-19,0.0240958392162515
2001-09-26,0.023801171446409777
2001-10-03,0.023189263078302047
2001-10-10,0.022452692241983922
2001-10-17,0.02180478513309506
2001-10-24,0.0213819686344529
2001-10-31,0.021206202788751412
2001-11-07,0.021211993147085623
2001-11-14,0.0213024532382043
2001-11-21,0.02139967447193213
2001-11-28,0.02148464575158688
2001-12-05,0.021598834849871396
2001-12-12,0.021795181212206343
2001-12-19,0.022075252133110772
2001-12-26,0.022344067572219288
2002-01-02,0.02243705775032225
2002-01-09,0.02221678312493912
2002-01-16,0.02166744788635129
2002-01-23,0.020932953401428152
2002-01-30,0.02026956659574843
2002-02-06,0.01991735362824232
2002-02-13,0.01998136716062192
2002-02-20,0.020407176700600563
2002-02-27,0.02103678993706487
2002-03-06,0.021693708552785067
2002-03-13,0.02223870658681481
2002-03-20,0.022575990799196734
2002-03-27,0.022653363854906253
2002-04-03,0.022485186086573065
2002-04-10,0.02216631699597625
2002-04-17,0.021850205210549423
2002-04-24,0.021678857706034903
2002-05-01,0.021718193771411633
2002-05-08,0.021954073630018542
2002-05-15,0.022313195595476256
2002-05-22,0.022685505094281647
2002-05-29,0.022965357009232062
2002-06-05,0.023095019661179116
2002-06-12,0.023108522315246058
2002-06-19,0.023143696111684535
2002-06-26,0.023394512345919476
2002-07-03,0.02400807084052036
2002-07-10,0.024968652427198777
2002-07-17,0.026052936497879743
2002-07-24,0.02690780386490315
2002-07-31,0.027231737623984016
2002-08-07,0.026956330804106053
2002-08-14,0.026288724040254265
2002-08-21,0.025590372758256097
2002-08-28,0.025175850579203813
2002-09-04,0.02515619200806557
2002-09-11,0.025418825786323308
2002-09-18,0.025750233503445977
2002-09-25,0.026000986975585557
2002-10-02,0.026158388975298284
2002-10-09,0.02627727682755284
2002-10-16,0.0263609977605046
2002-10-23,0.02632550487542535
2002-10-30,0.026068979045981322
2002-11-06,0.025576019783965002
2002-11-13,0.024963244089109
2002-11-20,0.024412433700825985
2002-11-27,0.024057945874285
2002-12-04,0.023928066649401555
2002-12-11,0.023974889128508342
2002-12-18,0.02414582017820623
2002-12-25,0.024414809982186262
2003-01-01,0.024746339201649106
2003-01-08,0.025060632570662246
2003-01-15,0.025267352740811176
2003-01-22,0.02533552624576739
2003-01-29,0.025332507560307173
2003-02-05,0.02537133062212061
2003-02-12,0.025504517231697978
2003-02-19,0.025673159220269227
2003-02-26,0.025751562441466487
2003-03-05,0.025659008166734006
2003-03-12,0.025440080764106685
2003-03-19,0.025232370369471912
2003-03-26,0.02515810513460444
2003-04-02,0.0252350691820888
2003-04-09,0.025389065176296115
2003-04-16,0.025526574798304467
2003-04-23,0.02559446290539282
2003-04-30,0.02560589888059097
2003-05-07,0.025617486309163013
2003-05-14,0.025679933993376876
2003-05-21,0.02580828799406397
2003-05-28,0.026000925868070762
2003-06-04,0.026253489123011495
2003-06-11,0.026526930526645683
2003-06-18,0.026723556558309665
2003-06-25,0.026718414683670668
2003-07-02,0.026441152798595723
2003-07-09,0.025949732662018027
2003-07-16,0.025418923717861277
2003-07-23,0.02503654817921979
2003-07-30,0.024878067754648257
2003-08-06,0.0248708102610842
2003-08-13,0.02486838324043962
2003-08-20,0.024763756373732494
2003-08-27,0.024570285362808572
2003-09-03,0.02439897772960896
2003-09-10,0.024350432818469842
2003-09-17,0.024435644268817856
2003-09-24,0.024591791442500986
2003-10-01,0.024747716587246046
2003-10-08,0.024858454741177375
2003-10-15,0.02489401327150908
2003-10-22,0.02481871227805577
2003-10-29,0.024584763719461725
2003-11-05,0.024173248780704985
2003-11-12,0.02366567018874463
2003-11-19,0.023270280128849567
2003-11-26,0.023231883375792756
2003-12-03,0.023678206013102755
2003-12-10,0.02453063583175107
2003-12-17,0.025537140798162803
2003-12-24,0.026408118440300353
2003-12-31,0.026957101290770006
2004-01-07,0.027153185076458336
2004-01-14,0.027075922007287
2004-01-21,0.026830006679237274
2004-01-28,0.026493157676637066
2004-02-04,0.026119457618999732
2004-02-11,0.025779893580078928
2004-02-18,0.025589873194638256
2004-02-25,0.02565936946890976
2004-03-03,0.02598451195467246
2004-03-10,0.026395566384247948
2004-03-17,0.02664337903435668
2004-03-24,0.026549960046721024
2004-03-31,0.026107245584513886
2004-04-07,0.025463704146080023
2004-04-14,0.024810558636660963
2004-04-21,0.02425664651811283
2004-04-28,0.02379771257919525
2004-05-05,0.023403866830461972
2004-05-12,0.02312561258786753
2004-05-19,0.02309857243267316
2004-05-26,0.0234471844032752
2004-06-02,0.02417722120181477
2004-06-09,0.025140373943184052
2004-06-16,0.02610903129302318
2004-06-23,0.02691155465117375
2004-06-30,0.02750442919278355
2004-07-07,0.02794293260964907
2004-07-14,0.028312209316649732
2004-07-21,0.02868001907060004
2004-07-28,0.029081446356336686
2004-08-04,0.029521959357938107
2004-08-11,0.02998098771009661
2004-08-18,0.03040316350271968
2004-08-25,0.030704530905816343
2004-09-01,0.030821804676363716
2004-09-08,0.030767200837688385
2004-09-15,0.03062469711418537
2004-09-22,0.030493121889566568
2004-09-29,0.030423876371851725
2004-10-06,0.030380166180062528
2004-10-13,0.030251069708287684
2004-10-20,0.029922911594334974
2004-10-27,0.029362654880629908
2004-11-03,0.02864990700894711
2004-11-10,0.02793294698373937
2004-11-17,0.027354137338437237
2004-11-24,0.027003246220490953
2004-12-01,0.02692807898733259
2004-12-08,0.027169583528424586
2004-12-15,0.027755565915974563
2004-12-22,0.02864475754947709
2004-12-29,0.029690929404146044
2005-01-05,0.030681838432005656
2005-01-12,0.031431539193857216
2005-01-19,0.031871119363141125
2005-01-26,0.03207070171617335
2005-02-02,0.03217577805430784
2005-02-09,0.032315547752230944
2005-02-16,0.032545373512928494
2005-02-23,0.03283489833624143
2005-03-02,0.03308084130233825
2005-03-09,0.033147799557150796
2005-03-16,0.03293059931913934
2005-03-23,0.032431463044921525
2005-03-30,0.031809520928144326
2005-04-06,0.03134462643944022
2005-04-13,0.03131212126409577
2005-04-20,0.0318160401376126
2005-04-27,0.03269485211913158
2005-05-04,0.03359118697692981
2005-05-11,0.03414813185256595
2005-05-18,0.03420378366062174
2005-05-25,0.03386634153678905
2005-06-01,0.03342909614807202
2005-06-08,0.03318767573515696
2005-06-15,0.033282180283393435
2005-06-22,0.033636849307969965
2005-06-29,0.034025465895640525
2005-07-06,0.034218865962845804
2005-07-13,0.03411483359343131
2005-07-20,0.033785154522681056
2005-07-27,0.03341067777352863
2005-08-03,0.03315938434095596
2005-08-10,0.03311073526576308
2005-08-17,0.03325307471499536
2005-08-24,0.033521665400224096
2005-08-31,0.033842477242580105
2005-09-07,0.034174179577642655
2005-09-14,0.03452014827858113
2005-09-21,0.03490231749954047
2005-09-28,0.03531124879732889
2005-10-05,0.035667476820881464
2005-10-12,0.03583807696941496
2005-10-19,0.03570379922514629
2005-10-26,0.03524665528757021
2005-11-02,0.03459473494464957
2005-11-09,0.03398327950452604
2005-11-16,0.033641808372401334
2005-11-23,0.03365443869391297
2005-11-30,0.033897004602700564
2005-12-07,0.034111710204550005
2005-12-14,0.03407649125757936
2005-12-21,0.033747897981802055
2005-12-28,0.03326586142347825
2006-01-04,0.03283911552170763
2006-01-11,0.03261121899458306
2006-01-18,0.03260519943521576
2006-01-25,0.03274839549470095
2006-02-01,0.032946180825910464
2006-02-08,0.03315104528676348
2006-02-15,0.03337927041014717
2006-02-22,0.03366636187183958
2006-03-01,0.03399563102980788
2006-03-08,0.03426831145529624
2006-03-15,0.03434768555371076
2006-03-22,0.034136728367018136
2006-03-29,0.03364508255781246
2006-04-05,0.03300686661616657
2006-04-12,0.03244539747607282
2006-04-19,0.032198006935090756
2006-04-26,0.032427660329841346
2006-05-03,0.03314560970797339
2006-05-10,0.034200019536863496
2006-05-17,0.035359522833094945
2006-05-24,0.03642334216406351
2006-05-31,0.03726856676681872
2006-06-07,0.037835944653580485
2006-06-14,0.038109226197155614
2006-06-21,0.03811240703086977
2006-06-28,0.037922603030388864
2006-07-05,0.03767537253747883
2006-07-12,0.03753778973967635
2006-07-19,0.037642172895250584
2006-07-26,0.03801751002255797
2006-08-02,0.03856655790824741
2006-08-09,0.039122957981765835
2006-08-16,0.039553024372796126
2006-08-23,0.03981949097748622
2006-08-30,0.039960188796598815
2006-09-06,0.04001090580694248
2006-09-13,0.039953452437767094
2006-09-20,0.03973162166486792
2006-09-27,0.03930045875199993
2006-10-04,0.03868842042718323
2006-10-11,0.03803229711043546
2006-10-18,0.037531313110433624
2006-10-25,0.037341650905231276
2006-11-01,0.03748141007387341
2006-11-08,0.03781108489739829
2006-11-15,0.03810397841277288
2006-11-22,0.03816536561781664
2006-11-29,0.03792255525460758
2006-12-06,0.03745505113066335
2006-12-13,0.036955859386398816
2006-12-20,0.03663694037023245
2006-12-27,0.036630427183241124
2007-01-03,0.0369332502310591
2007-01-10,0.03741543178556582
2007-01-17,0.037878068141801315
2007-01-24,0.03813000551712878
2007-01-31,0.03806761532127299
2007-02-07,0.03772192106793876
2007-02-14,0.03723800495504624
2007-02-21,0.03681039364597154
2007-02-28,0.036609321656858415
2007-03-07,0.03670573808625121
2007-03-14,0.03703919012653508
2007-03-21,0.03745731237738765
2007-03-28,0.037795704625847595
2007-04-04,0.03794763942980175
2007-04-11,0.03790460856907389
2007-04-18,0.037765328017961675
2007-04-25,0.03768671654506843
2007-05-02,0.03779490009683588
2007-05-09,0.03812155030411109
2007-05-16,0.03859584069916151
2007-05-23,0.03909042763653588
2007-05-30,0.039474990563537635
2007-06-06,0.039643472581259456
2007-06-13,0.03953458554697286
2007-06-20,0.03916968266116138
2007-06-27,0.03867779947869672
2007-07-04,0.03823605387544277
2007-07-11,0.0379575834097531
2007-07-18,0.037827839588676845
2007-07-25,0.03772972867022843
2007-08-01,0.03753340720539826
2007-08-08,0.03719198002249467
2007-08-15,0.036778732732685865
2007-08-22,0.03643828584177671
2007-08-29,0.03629081035024971
2007-09-05,0.03636061600856686
2007-09-12,0.036565507472206604
2007-09-19,0.03678465875895794
2007-09-26,0.03694735078550379
2007-10-03,0.037072612562736335
2007-10-10,0.03723741934124501
2007-10-17,0.037498867944850016
2007-10-24,0.03783360060749563
2007-10-31,0.038130947983532545
2007-11-07,0.03824932845444875
2007-11-14,0.03810377703562339
2007-11-21,0.03771784236791925
2007-11-28,0.037216338812455764
2007-12-05,0.03675068033058242
2007-12-12,0.036397907640732155
2007-12-19,0.036128869377532014
2007-12-26,0.035874626731005645
2008-01-02,0.03561282208774372
2008-01-09,0.03540029323471901
2008-01-16,0.03533206272142338
2008-01-23,0.035470750866818286
2008-01-30,0.03580562287947865
2008-02-06,0.036250134868909996
2008-02-13,0.036664665237415836
2008-02-20,0.03691849206917643
2008-02-27,0.036962834637883045
2008-03-05,0.03685833055598288
2008-03-12,0.03672964254027941
2008-03-19,0.03669109998591745
2008-03-26,0.03680096006825571
2008-04-02,0.03706692198101548
2008-04-09,0.03748661340551372
2008-04-16,0.03808502398365435
2008-04-23,0.03889947867826457
2008-04-30,0.03992082109331194
2008-05-07,0.04106523116033953
2008-05-14,0.04220726824928577
2008-05-21,0.04323439508862095
2008-05-28,0.04406744404835188
2008-06-04,0.04464208449805023
2008-06-11,0.04490005119719939
2008-06-18,0.04483172201012251
2008-06-25,0.044540272568424286
2008-07-02,0.044230068478989415
2008-07-09,0.044091699188056485
2008-07-16,0.04417827732279506
2008-07-23,0.04436906696523924
2008-07-30,0.04445114313193925
2008-08-06,0.04427206302181857
2008-08-13,0.04385453408749317
2008-08-20,0.04337344052159618
2008-08-27,0.04302349371091577
2008-09-03,0.04288705507190585
2008-09-10,0.042902477286479376
2008-09-17,0.04293394949235274
2008-09-24,0.04286142610331996
2008-10-01,0.042638167379989295
2008-10-08,0.042296814946523514
2008-10-15,0.041911734576481396
2008-10-22,0.04155555912237858
2008-10-29,0.041258453430836284
2008-11-05,0.04099859850838893
2008-11-12,0.040753366434047714
2008-11-19,0.040576124484239515
2008-11-26,0.04061493766476587
2008-12-03,0.0410341472294676
2008-12-10,0.041884062937012675
2008-12-17,0.04301819650577104
2008-12-24,0.04412688214189098
2008-12-31,0.044873288450929444
2009-01-07,0.045052584861687374
2009-01-14,0.04467321107771251
2009-01-21,0.04392280731508424
2009-01-28,0.04306088565708963
2009-02-04,0.04230728002432299
2009-02-11,0.041782852398948536
2009-02-18,0.04151303287553476
2009-02-25,0.04146666133523021
2009-03-04,0.041586882643219227
2009-03-11,0.04179439136813248
2009-03-18,0.041993230001683
2009-03-25,0.04210060159860401
2009-04-01,0.04208484124923732
2009-04-08,0.04199328583967786
2009-04-15,0.04195467076220156
2009-04-22,0.042129445079054584
2009-04-29,0.04262210814032925
2009-05-06,0.043400567833805366
2009-05-13,0.044267000552200855
2009-05-20,0.04493309519147988
2009-05-27,0.04516029136092669
2009-06-03,0.04487384502556847
2009-06-10,0.044185082157588255
2009-06-17,0.04331443673943891
2009-06-24,0.04248925278576748
2009-07-01,0.04187658731785193
2009-07-08,0.041564074133041494
2009-07-15,0.041576770139491986
2009-07-22,0.041895494663634694
2009-07-29,0.042458114691491355
2009-08-05,0.043164643182056234
2009-08-12,0.0439118999796723
2009-08-19,0.0446262969818852
2009-08-26,0.04527593179619942
2009-09-02,0.04587281952356297
2009-09-09,0.04646915197668713
2009-09-16,0.04713952223322228
2009-09-23,0.04793453648625932
2009-09-30,0.04883077914202334
2009-10-07,0.04969994303961386
2009-10-14,0.05034191753355887
2009-10-21,0.050588722645888
2009-10-28,0.050390505113131326
2009-11-04,0.049834448288109526
2009-11-11,0.049101899736076954
2009-11-18,0.04840454992842226
2009-11-25,0.04792311656114967
2009-12-02,0.04775457631933171
2009-12-09,0.04788882417384496
2009-12-16,0.04820186082090186
2009-12-23,0.04847489292290398
2009-12-30,0.04846815727845189
2010-01-06,0.04803758756249307
2010-01-13,0.04720908708907382
2010-01-20,0.04615604687361416
2010-01-27,0.04511171539293413
2010-02-03,0.04424958290145854
2010-02-10,0.04360784365969665
2010-02-17,0.043114307635149215
2010-02-24,0.042674375032306006
2010-03-03,0.04224082998657632
2010-03-10,0.041822615482251274
2010-03-17,0.04146219807948461
2010-03-24,0.041209958540440184
2010-03-31,0.04111705456853379
2010-04-07,0.04123670364915065
2010-04-14,0.04161137075420704
2010-04-21,0.04224884396047794
2010-04-28,0.043085398698315194
2010-05-05,0.0439827208310878
2010-05-12,0.044784153543033896
2010-05-19,0.04539034896468999
2010-05-26,0.045821693594498995
2010-06-02,0.04621330548997373
2010-06-09,0.046710701392314126
2010-06-16,0.04734851911238115
2010-06-23,0.048010978806451346
2010-06-30,0.04850132599989837
2010-07-07,0.0486699449034252
2010-07-14,0.048507227413105786
2010-07-21,0.048144240540947625
2010-07-28,0.04777535624378851
2010-08-04,0.04753916988486838
2010-08-11,0.047436231365999
2010-08-18,0.04734732194921084
2010-08-25,0.04710824336289883
2010-09-01,0.046594095205178446
2010-09-08,0.04578815910963496
2010-09-15,0.04479686353967437
2010-09-22,0.04383117450422398
2010-09-29,0.0431403526417605
2010-10-06,0.04289546907044516
2010-10-13,0.043096643423161274
2010-10-20,0.043575215804276285
2010-10-27,0.04410000878758169
2010-11-03,0.0445174276392518
2010-11-10,0.044811020563507005
2010-11-17,0.04504216842072141
2010-11-24,0.04523929257022018
2010-12-01,0.04535193429120019
2010-12-08,0.045305779421651704
2010-12-15,0.045086761495350555
2010-12-22,0.04476555423335767
2010-12-29,0.04443945123337844
2011-01-05,0.04413954182796302
2011-01-12,0.043803366160098396
2011-01-19,0.043350434381315375
2011-01-26,0.04277741991879989
2011-02-02,0.042179985408155304
2011-02-09,0.04168700830847309
2011-02-16,0.04137598210548413
2011-02-23,0.04124181356581054
2011-03-02,0.041235488566758995
2011-03-09,0.04132268609744067
2011-03-16,0.04150651117232311
2011-03-23,0.04179931776592546
2011-03-30,0.04218988673713307
2011-04-06,0.042639261225498326
2011-04-13,0.043093292190682995
2011-04-20,0.04350016189911559
2011-04-27,0.04383183004108622
2011-05-04,0.044086523768299614
2011-05-11,0.044283136908094954
2011-05-18,0.04446921233358359
2011-05-25,0.044721854021819954
2011-06-01,0.045105201560718136
2011-06-08,0.045606734791612584
2011-06-15,0.046122966507636504
2011-06-22,0.04652170712564504
2011-06-29,0.04674170711722849
2011-07-06,0.04684908906153713
2011-07-13,0.04700173726606113
2011-07-20,0.047348662407063494
2011-07-27,0.047933854669441965
2011-08-03,0.04867030633620127
2011-08-10,0.04939532607556872
2011-08-17,0.04995244695786036
2011-08-24,0.050253572417669944
2011-08-31,0.050289570735853446
2011-09-07,0.05011189248915643
2011-09-14,0.049828636882905245
2011-09-21,0.04959679963908562
2011-09-28,0.04956753732367859
2011-10-05,0.049808527486212825
2011-10-12,0.05026304261391571
2011-10-19,0.0507641819329417
2011-10-26,0.05109473629755598
2011-11-02,0.05107260963864578
2011-11-09,0.050628103205559674
2011-11-16,0.04984659888645644
2011-11-23,0.048955165542407655
2011-11-30,0.04824392055159036
2011-12-07,0.04794314533806051
2011-12-14,0.0481233186584893
2011-12-21,0.04867746526236436
2011-12-28,0.04939108575962291
2012-01-04,0.05006078457508119
2012-01-11,0.05058568796641344
2012-01-18,0.05096833902940156
2012-01-25,0.05123268634439433
2012-02-01,0.05135962575181528
2012-02-08,0.05129935675380038
2012-02-15,0.0510337294892103
2012-02-22,0.05063229511097244
2012-02-29,0.05024395503438167
2012-03-07,0.05002203251329719
2012-03-14,0.05003618250108211
2012-03-21,0.05023266063469956
2012-03-28,0.05048232810609949
2012-04-04,0.05067075037648844
2012-04-11,0.05075729321160265
2012-04-18,0.050769116597119725
2012-04-25,0.050756301333349865
2012-05-02,0.05075768875266838
2012-05-09,0.05081143589095295
2012-05-16,0.050984625158178996
2012-05-23,0.051378054217117615
2012-05-30,0.05209400209149151
2012-06-06,0.053157807119057765
2012-06-13,0.05443800549078522
2012-06-20,0.055658530740274444
2012-06-27,0.056517112753843975
2012-07-04,0.05684466696725465
2012-07-11,0.05669510613184251
2012-07-18,0.05629857587616705
2012-07-25,0.05592790095094487
2012-08-01,0.05576117120596236
2012-08-08,0.055808569681678
2012-08-15,0.055934586883430115
2012-08-22,0.05595882154524605
2012-08-29,0.05578157912075019
2012-09-05,0.05545971472822371
2012-09-12,0.05518130910655805
2012-09-19,0.055156082616820146
2012-09-26,0.0555039158176711
2012-10-03,0.05619370480694798
2012-10-10,0.057059450033543534
2012-10-17,0.05788813860463384
2012-10-24,0.05851513257961958
2012-10-31,0.0588712775440033
2012-11-07,0.058967034135451
2012-11-14,0.05885207171246684
2012-11-21,0.0585876882431359
2012-11-28,0.0582396514963258
2012-12-05,0.05788232706701874
2012-12-12,0.05758527260191227
2012-12-19,0.05737301866048211
2012-12-26,0.05719405695968152
2013-01-02,0.05694762554677273
2013-01-09,0.05657160056934321
2013-01-16,0.056119558351003795
2013-01-23,0.05575611625047523
2013-01-30,0.05566057628115727
2013-02-06,0.055910842608392304
2013-02-13,0.0564369300288057
2013-02-20,0.057061702192810856
2013-02-27,0.05758818131807682
2013-03-06,0.05787550742414145
2013-03-13,0.05786895751229887
2013-03-20,0.05759351151353863
2013-03-27,0.05712850524462723
2013-04-03,0.056588468924332815
2013-04-10,0.0561063515804153
2013-04-17,0.05579144759393779
2013-04-24,0.05567326292693889
2013-05-01,0.05568016906958989
2013-05-08,0.05569307340823446
2013-05-15,0.055630964177589795
2013-05-22,0.05549936025634208
2013-05-29,0.05537327934597983
2013-06-05,0.05534287859001509
2013-06-12,0.055460204644631146
2013-06-19,0.055709541802248325
2013-06-26,0.05601203723319163
2013-07-03,0.05625161560692321
2013-07-10,0.05631286863819507
2013-07-17,0.05612628186271929
2013-07-24,0.05570139194778774
2013-07-31,0.05512493820116327
2013-08-07,0.05451912130083054
2013-08-14,0.05399099970219434
2013-08-21,0.05360662493650999
2013-08-28,0.053396659269100685
2013-09-04,0.053383720714839655
2013-09-11,0.05360903021017422
2013-09-18,0.05412927425964918
2013-09-25,0.054970900894703675
2013-10-02,0.05607625052980184
2013-10-09,0.05728121396072411
2013-10-16,0.05835975830370744
2013-10-23,0.05912253403585818
2013-10-30,0.0595010876606759
2013-11-06,0.059551156707739604
2013-11-13,0.059393516264053446
2013-11-20,0.05914616763436815
2013-11-27,0.05887533584390698
2013-12-04,0.05858841329456093
2013-12-11,0.05828863355870249
2013-12-18,0.05804402057421619
2013-12-25,0.057986875884290176
2014-01-01,0.05823363694433596
2014-01-08,0.058800837213214247
2014-01-15,0.05958536491073706
2014-01-22,0.06040906421001075
2014-01-29,0.061106531621490025
2014-02-05,0.061596186435918174
2014-02-12,0.06187385624070293
2014-02-19,0.061967955503970565
2014-02-26,0.06189951976234845
2014-03-05,0.061652000682306
2014-03-12,0.061186363445847755
2014-03-19,0.060500157933501116
2014-03-26,0.059671551988430986
2014-04-02,0.05884745685827023
2014-04-09,0.0581940719569546
2014-04-16,0.05783663747517311
2014-04-23,0.05780154997194066
2014-04-30,0.05799351911616925
2014-05-07,0.05825295028299606
2014-05-14,0.05847306606204458
2014-05-21,0.05867499928947859
2014-05-28,0.05898427355639392
2014-06-04,0.059524215000479865
2014-06-11,0.06030048979568153
2014-06-18,0.061179005610217906
2014-06-25,0.06196052034156461
2014-07-02,0.0624742319564366
2014-07-09,0.06264149927534311
2014-07-16,0.06248125626404038
2014-07-23,0.06208628989014522
2014-07-30,0.06159675287048841
2014-08-06,0.06116684806272856
2014-08-13,0.060929752696373275
2014-08-20,0.060960661073540215
2014-08-27,0.06124337565788707
2014-09-03,0.06168066572379931
2014-09-10,0.06215312605904455
2014-09-17,0.06257464392949348
2014-09-24,0.06291163835882774
2014-10-01,0.06318127050261667
2014-10-08,0.06344721789806647
2014-10-15,0.06380104832663284
2014-10-22,0.06429991767654536
2014-10-29,0.06489664599234635
2014-11-05,0.06543341034100528
2014-11-12,0.06570970836671232
2014-11-19,0.0655992004553903
2014-11-26,0.06514194019443553
2014-12-03,0.06452824440063595
2014-12-10,0.06399615687834598
2014-12-17,0.06372410586291272
2014-12-24,0.06377065998214093
2014-12-31,0.06409676530487339
2015-01-07,0.06462617608239625
2015-01-14,0.06527520455265567
2015-01-21,0.06594491202879076
2015-01-28,0.06651770930468637
2015-02-04,0.06688829228943101
2015-02-11,0.06702176238102316
2015-02-18,0.06698853608247445
2015-02-25,0.06691855010174037
2015-03-04,0.06690164527745172
2015-03-11,0.06692226035263756
2015-03-18,0.06688658002478715
2015-03-25,0.06671890122672205
2015-04-01,0.06643344555058933
2015-04-08,0.06612979974023062
2015-04-15,0.06594611052889895
2015-04-22,0.06600223891661025
2015-04-29,0.06635582327098813
2015-05-06,0.06699049430927959
2015-05-13,0.06782168833603941
2015-05-20,0.06871226640200584
2015-05-27,0.06950454737201908
2015-06-03,0.07006167444115884
2015-06-10,0.07032146174502249
2015-06-17,0.07034381065128553
2015-06-24,0.07028618577697958
2015-07-01,0.07030604715028649
2015-07-08,0.07048113449282092
2015-07-15,0.07079094040656034
2015-07-22,0.07115466347484392
2015-07-29,0.07148788659661028
2015-08-05,0.07174970523860359
2015-08-12,0.07197508301159912
2015-08-19,0.07225778115963884
2015-08-26,0.07269368455808504
2015-09-02,0.07333609084283728
2015-09-09,0.07417139022090273
2015-09-16,0.07511379742849694
2015-09-23,0.07603451868501639
2015-09-30,0.07681264573602917
2015-10-07,0.07737010591517471
2015-10-14,0.07768100694256079
2015-10-21,0.07774597778431666
2015-10-28,0.0775463309749784
2015-11-04,0.07703142898069948
2015-11-11,0.07617202207612644
2015-11-18,0.07503848704396951
2015-11-25,0.073826907308621
2015-12-02,0.07279842110859118
2015-12-09,0.07214866391267437
2015-12-16,0.07189748867627668
2015-12-23,0.0718992850969921
2015-12-30,0.07196069885535461
2016-01-06,0.07196188114068777
2016-01-13,0.07188789500536552
2016-01-20,0.07177346127862413
2016-01-27,0.0716339118633823
2016-02-03,0.07144710514012645
2016-02-10,0.07119379621594511
2016-02-17,0.07090884288146737
2016-02-24,0.07067420618436011
2016-03-02,0.07053766958279427
2016-03-09,0.0704428184801246
2016-03-16,0.07024304022813682
2016-03-23,0.06978404718745389
2016-03-30,0.06898518079642724
2016-04-06,0.0678604466137652
2016-04-13,0.06651733893122024
2016-04-20,0.06515289022498315
2016-04-27,0.06400940947171543
2016-05-04,0.06329602723352248
2016-05-11,0.06311881902267101
2016-05-18,0.06344275352622541
2016-05-25,0.06409179780907387
2016-06-01,0.06479880549529665
2016-06-08,0.06530112318036883
2016-06-15,0.06544212876811212
2016-06-22,0.06521487889743065
2016-06-29,0.06472256876421237
2016-07-06,0.06410890335929836
2016-07-13,0.06350555169294256
2016-07-20,0.06300981455055847
2016-07-27,0.06267779744035204
2016-08-03,0.0625179444794504
2016-08-10,0.06250723347574944
2016-08-17,0.0626383380936285
2016-08-24,0.06293516125160215
2016-08-31,0.06340723651649958
2016-09-07,0.06399711291821107
2016-09-14,0.06458234872617909
2016-09-21,0.06503008625542266
2016-09-28,0.06526859535548211
2016-10-05,0.06534352992743175
2016-10-12,0.06541411278807381
2016-10-19,0.06564912311725178
2016-10-26,0.06608985868002237
2016-11-02,0.06661165691723565
2016-11-09,0.06702092899974886
2016-11-16,0.0672050041458524
2016-11-23,0.06721634386023605
2016-11-30,0.06721983978359142
2016-12-07,0.06735193029514297
2016-12-14,0.06761982799724486
2016-12-21,0.06791470268052113
2016-12-28,0.06810040285000497
2017-01-04,0.06810298444504338
2017-01-11,0.06796128703296367
2017-01-18,0.06780238684111009
2017-01-25,0.06775839770243204
2017-02-01,0.0678965500382923
2017-02-08,0.0682029551189871
2017-02-15,0.06860294864344277
2017-02-22,0.0689913897912555
2017-03-01,0.06925169200453113
2017-03-08,0.06927466532001335
2017-03-15,0.0689939937921158
2017-03-22,0.06843111501600325
2017-03-29,0.06771513358748797
2017-04-05,0.06704517089695221
2017-04-12,0.06660056994574046
2017-04-19,0.0664643410087476
2017-04-26,0.06659417593171181
2017-05-03,0.06684168164513403
2017-05-10,0.06703473204858826
2017-05-17,0.06707393806055792
2017-05-24,0.06697507366502736
2017-05-31,0.06685032277409092
2017-06-07,0.0668395673568485
2017-06-14,0.06703789874428875
2017-06-21,0.06746140008894251
2017-06-28,0.06805475595730016
2017-07-05,0.06872652968779258
2017-07-12,0.0693962474924465
2017-07-19,0.07002899999387671
2017-07-26,0.07062922670720906
2017-08-02,0.07119626461947309
2017-08-09,0.07169315728759462
2017-08-16,0.07207568376608833
2017-08-23,0.0723387486874831
2017-08-30,0.072510298410712
2017-09-06,0.07261911930727184
2017-09-13,0.07267566513292295
2017-09-20,0.07267994243823656
2017-09-27,0.0726467826776774
2017-10-04,0.07261723112397277
2017-10-11,0.07264887637744506
2017-10-18,0.07278817745225337
2017-10-25,0.07303824930924331
2017-11-01,0.07334642008338493
2017-11-08,0.07362759602152916
2017-11-15,0.07381116584701278
2017-11-22,0.07387344482344932
2017-11-29,0.07384316913147367
2017-12-06,0.07377925738746927
2017-12-13,0.07374052931424453
2017-12-20,0.07375637506099812
2017-12-27,0.07380166360264764
2018-01-03,0.07380534291716956
2018-01-10,0.07370031632552507
2018-01-17,0.07348350872816019
2018-01-24,0.07323182365400703
2018-01-31,0.07305190765682484
2018-02-07,0.07300070936149733
2018-02-14,0.07304825125231289
2018-02-21,0.07310713007317216
2018-02-28,0.07310323337290933
2018-03-07,0.07302893274077236
2018-03-14,0.07293247569133651
2018-03-21,0.07287197342012539
2018-03-28,0.0728828458126857
2018-04-04,0.07296973075648863
2018-04-11,0.0731106714921641
2018-04-18,0.07327047335443695
2018-04-25,0.07342669272962091
2018-05-02,0.0735845089988858
2018-05-09,0.07377308508640344
2018-05-16,0.07401702102458657
2018-05-23,0.07432594551866031
2018-05-30,0.0746980535434727
2018-06-06,0.07511204376251832
2018-06-13,0.07552319890061407
2018-06-20,0.07587326155697315
2018-06-27,0.0761229005641865
2018-07-04,0.0762744046474529
2018-07-11,0.0763673837658021
2018-07-18,0.07646255701065871
2018-07-25,0.07662476067338479
2018-08-01,0.07690854792319254
2018-08-08,0.07732941412827518
2018-08-15,0.077848427336381
2018-08-22,0.07838816861871578
2018-08-29,0.07886667542215112
2018-09-05,0.07923583767451821
2018-09-12,0.07950722981143989
2018-09-19,0.07975924050897291
2018-09-26,0.08009410096132481
2018-10-03,0.0805484344472415
2018-10-10,0.08103141510100385
2018-10-17,0.08135981838815937
2018-10-24,0.0813831014060257
2018-10-31,0.08109306416869551
2018-11-07,0.08061463334750099
2018-11-14,0.08009143516837813
2018-11-21,0.07958912108980455
2018-11-28,0.07909391775089354
2018-12-05,0.07858066578980165
2018-12-12,0.07808131714320908
2018-12-19,0.0776931314159314
2018-12-26,0.07751588742735746
2019-01-02,0.07758162391056114
2019-01-09,0.07783928270746845
2019-01-16,0.0781963578154768
2019-01-23,0.07855883560819574
2019-01-30,0.07883360453990342
2019-02-06,0.07892893478022225
2019-02-13,0.07878509950824893
2019-02-20,0.07842505216333248
2019-02-27,0.07796637975863864
2019-03-06,0.07756654389710435
2019-03-13,0.07734924987766796
2019-03-20,0.07737172245439973
2019-03-27,0.07762682771593661
2019-04-03,0.07805308999710185
2019-04-10,0.07854553132193716
2019-04-17,0.07897815549151938
2019-04-24,0.07923425533292598
2019-05-01,0.07925031468465833
2019-05-08,0.07905465211662965
2019-05-15,0.07875751195167434
2019-05-22,0.07849006584579532
2019-05-29,0.07834103124178202
2019-06-05,0.07833137520069525
2019-06-12,0.07844395855723264
2019-06-19,0.07867835842960011
2019-06-26,0.07906233470733551
2019-07-03,0.07960961678628935
2019-07-10,0.0802773909223934
2019-07-17,0.0809605264353306
2019-07-24,0.08153124465387858
2019-07-31,0.08191204405171021
2019-08-07,0.08213214031072189
2019-08-14,0.08232006383941987
2019-08-21,0.082608009361573
2019-08-28,0.08303095660957377
2019-09-04,0.08350192651759936
2019-09-11,0.0838548898776536
2019-09-18,0.08394399411664084
2019-09-25,0.08374767385616598
2019-10-02,0.08337967272664489
2019-10-09,0.08299476853480614
2019-10-16,0.08268843436682352
2019-10-23,0.0824742639001082
2019-10-30,0.0823359170169569
2019-11-06,0.08230010369566076
2019-11-13,0.082440962644728
2019-11-20,0.08279675742106596
2019-11-27,0.08327933788537883
2019-12-04,0.08366916918252566
2019-12-11,0.08371237125480632
2019-12-18,0.08325032941940282
2019-12-25,0.08230667499704489
2020-01-01,0.08107315338030413
2020-01-08,0.07980730215690245
2020-01-15,0.0787311552730767
2020-01-22,0.07799146744925065
2020-01-29,0.07766048810294995
2020-02-05,0.07773046526222893
2020-02-12,0.07811906819599873
2020-02-19,0.07869976871866026
2020-02-26,0.07934121779822179
2020-03-04,0.07994087409665204
2020-03-11,0.08043638284692836
2020-03-18,0.08079458360622972
2020-03-25,0.08099580531183759
2020-04-01,0.08103734967402867
2020-04-08,0.0809418485978435
2020-04-15,0.08075347126634415
2020-04-22,0.08053465712021941
2020-04-29,0.08034987489154123
2020-05-06,0.08023367355438633
2020-05-13,0.0801674528197209
2020-05-20,0.08010096146100569
2020-05-27,0.08000646189197723
2020-06-03,0.07990722296590042
2020-06-10,0.07987379355740623
2020-06-17,0.07998363606649767
2020-06-24,0.08026401977769326
2020-07-01,0.08067041760902179
2020-07-08,0.08110868933866977
2020-07-15,0.08149372330671967
2020-07-22,0.08180749976721706
2020-07-29,0.0821086971473686
2020-08-05,0.0824815396157903
2020-08-12,0.08295846221468411
2020-08-19,0.08347603134114796
2020-08-26,0.08389177047339001
2020-09-02,0.08406104941502575
2020-09-09,0.08393790326523166
2020-09-16,0.08364149003199992
2020-09-23,0.08341524774968637
2020-09-30,0.08348472195183958
2020-10-07,0.08391818067029294
2020-10-14,0.0845724966902387
2020-10-21,0.08516254126979703
2020-10-28,0.08542753458482966
2020-11-04,0.08526964907092238
2020-11-11,0.08478082129629959
2020-11-18,0.08416508758794146
2020-11-25,0.08361682880848724
2020-12-02,0.08323464468236419
2020-12-09,0.08302852693827999
2020-12-16,0.08297718498477011
2020-12-23,0.08305386862439236
2020-12-30,0.08321001230846363
2021-01-06,0.08336851458172476
2021-01-13,0.08343406349719645
2021-01-20,0.08332619915769446
2021-01-27,0.08303471167605488
2021-02-03,0.08265352136035937
2021-02-10,0.08234656882572572
2021-02-17,0.08224320227822322
2021-02-24,0.08234780038754792
2021-03-03,0.08254810799673609
2021-03-10,0.0827056164502607
2021-03-17,0.08275023004325925
2021-03-24,0.08272858808475984
2021-03-31,0.0827642541180578
2021-04-07,0.08296151404879912
2021-04-14,0.08333945421737987
2021-04-21,0.08380614724580872
2021-04-28,0.08418704532133418
2021-05-05,0.08432270438792411
2021-05-12,0.08415532610918441
2021-05-19,0.08378243372421712
2021-05-26,0.08344120483986919
2021-06-02,0.08340331623317103
2021-06-09,0.08383460726346345
2021-06-16,0.08469389672926479
2021-06-23,0.08573991143677492
2021-06-30,0.08667054503928583
2021-07-07,0.0872942167896441
2021-07-14,0.08760525796618471
2021-07-21,0.08775030732791023
2021-07-28,0.08791712401754025
2021-08-04,0.08821667686801743
2021-08-11,0.08864605104931242
2021-08-18,0.08910665047542565
2021-08-25,0.0894500701287583
2021-09-01,0.08955832637316241
2021-09-08,0.08942191022181763
2021-09-15,0.08917240664529459
2021-09-22,0.08902932957846409
2021-09-29,0.08916892708565739
2021-10-06,0.08960317270000809
2021-10-13,0.0901650772042715
2021-10-20,0.09060785498848628
2021-10-27,0.0907449898046826
2021-11-03,0.09053371069270179
2021-11-10,0.09005791524623173
2021-11-17,0.08946716901005121
2021-11-24,0.08891500959499599
2021-12-01,0.0885086758165903
2021-12-08,0.08828730016902175
2021-12-15,0.08823675273429343
2021-12-22,0.08831416797459944
2021-12-29,0.08846639820492692
2022-01-05,0.08864630519635179
2022-01-12,0.08881110947313252
2022-01-19,0.08891009789171732
2022-01-26,0.08889652999118944
2022-02-02,0.08876450700211726
2022-02-09,0.0885849571505685
2022-02-16,0.08849367233594711
2022-02-23,0.08863232560352588
2022-03-02,0.08907029066982589
2022-03-09,0.08975720857178145
2022-03-16,0.09055812592199389
2022-03-23,0.09132757361360844
2022-03-30,0.0919515733611967
2022-04-06,0.09235334157416236
2022-04-13,0.0925078349382274
2022-04-20,0.09245400180139421
2022-04-27,0.09227866518429334
2022-05-04,0.09208812708898409
2022-05-11,0.09198853327010637
2022-05-18,0.09207209019181957
2022-05-25,0.09238556038658277
2022-06-01,0.09290319113975845
2022-06-08,0.09353044454783861
2022-06-15,0.09413676399253801
2022-06-22,0.09462465993961328
2022-06-29,0.09499126626032059
2022-07-06,0.09532761427922196
2022-07-13,0.09574730967421738
2022-07-20,0.09629651335902206
2022-07-27,0.09690331077659214
2022-08-03,0.09741967874847829
2022-08-10,0.097731640238203
2022-08-17,0.09783404517206735
2022-08-24,0.09780316754374538
2022-08-31,0.09770659404230199
2022-09-07,0.09756027000440554
2022-09-14,0.09735743227986601
2022-09-21,0.09710423938809251
2022-09-28,0.09682560793648878
2022-10-05,0.09654176785723159
2022-10-12,0.09624233250565847
2022-10-19,0.09589910443256389
2022-10-26,0.09551193604935931
2022-11-02,0.09514033666175645
2022-11-09,0.09489324661884985
2022-11-16,0.0948759794439219
2022-11-23,0.09510946073842072
2022-11-30,0.09548204179029288
2022-12-07,0.09578577816005665
2022-12-14,0.09582856119416053
2022-12-21,0.09555126845978622
2022-12-28,0.09507191091092285
2023-01-04,0.09462087034330041
2023-01-11,0.09440303442120099
2023-01-18,0.09447813824229137
2023-01-25,0.09474238368238524
2023-02-01,0.09501866921551747
2023-02-08,0.09518185854564486
2023-02-15,0.09521782369897538
2023-02-22,0.09519056560344692
2023-03-01,0.09517274116218423
2023-03-08,0.09519310202434843
2023-03-15,0.09521558270576855
2023-03-22,0.09515910384947648
2023-03-29,0.09494159975874143
2023-04-05,0.09452858696301555
2023-04-12,0.09397523044093818
2023-04-19,0.09344477046769196
2023-04-26,0.09316622807366824
2023-05-03,0.0933325466486009
2023-05-10,0.09399553652791728
2023-05-17,0.09503226156860106
2023-05-24,0.09620029157433826
2023-05-31,0.09725647099382353
2023-06-07,0.09807030088268916
2023-06-14,0.09865292733359447
2023-06-21,0.0991065425801728
2023-06-28,0.09955683371425755
2023-07-05,0.10009111158226239
2023-07-12,0.10071574922523979
2023-07-19,0.10136605082996863
2023-07-26,0.10195869005188411
2023-08-02,0.10244942098723131
2023-08-09,0.10283989517026997
2023-08-16,0.1031327255651302
2023-08-23,0.10330342036428093
2023-08-30,0.10331294765574595
2023-09-06,0.10312944153454258
